location_id,location_name,decade,acause,scenario_a,scenario_b,n_models,heat_ssp245,cold_ssp245,nonopt_ssp245,yll_nonopt_ssp245,heat_ssp585,cold_ssp585,nonopt_ssp585,yll_nonopt_ssp585,heat_ratio_n_models,heat_ratio_model_min,heat_ratio_model_median,heat_ratio_model_max,nonopt_ratio_n_models,nonopt_ratio_model_min,nonopt_ratio_model_median,nonopt_ratio_model_max,heat_diff,heat_ratio,cold_diff,cold_ratio,nonopt_diff,nonopt_ratio,yll_nonopt_diff,yll_nonopt_ratio,heat_share_ssp245,heat_share_ssp585
6,China,2022-2030,ckd,ssp245,ssp585,27,1638.64555204304,16999.0643750561,18637.7099270992,291809.198285478,1703.13927771633,16904.0681873764,18607.2074650927,291343.932218124,27,0.909456735596987,1.04337469537739,1.15862861747346,27,0.978116715460185,0.997518015184433,1.032428110142,64.4937256732917,1.03935794753959,-94.9961876797243,0.994411681397059,-30.5024620064287,0.998363400754399,-465.266067354474,0.998405581215095,0.0879209708946299,0.0915311596816145
6,China,2022-2030,cvd_cmp,ssp245,ssp585,27,899.767004659396,2183.15924212082,3082.92624678022,54907.1286688538,932.364708862836,2189.27048653208,3121.63519539491,55587.4727967213,27,0.931501149721144,1.03827726449581,1.13017329250735,27,0.976690133655204,1.01463114553397,1.04839423182315,32.5977042034406,1.03622905044821,6.11124441125094,1.00279926644532,38.7089486146915,1.01255591133752,680.344127867509,1.01239081598986,0.29185485886959,0.298678304959617
6,China,2022-2030,cvd_htn,ssp245,ssp585,27,2129.30870475596,34436.6941596101,36566.0028643661,429425.926660005,2208.27591260918,34247.4853514655,36455.7612640747,428134.063713473,27,0.890079016481356,1.04276305632591,1.17162363291173,27,0.975550794015363,0.995419352683422,1.03241038148707,78.967207853219,1.03708584277932,-189.208808144569,0.994505604769505,-110.241600291352,0.996985133958987,-1291.86294653185,0.996991651257343,0.0582319241360392,0.0605741269977351
6,China,2022-2030,cvd_ihd,ssp245,ssp585,27,16698.7901541766,145930.805363076,162629.595517252,2074712.5882314,17269.9094533786,145848.406534706,163118.315988084,2080995.47614214,27,0.927989754360126,1.03777627897654,1.11624490267167,27,0.982487872453897,1.00497686564021,1.02224954945085,571.119299202015,1.03420123816929,-82.398828370031,0.999435356858581,488.720470831875,1.00300511397865,6282.88791073859,1.00302831724566,0.102679897229438,0.105873514870275
6,China,2022-2030,cvd_stroke,ssp245,ssp585,27,22670.1548818582,190892.635265799,213562.790147657,2811747.05325118,23639.3086589218,189428.459924467,213067.768583388,2805294.5087142,27,0.931976314423736,1.06074584971085,1.15587514226967,27,0.976971438208325,0.993474485445616,1.02488029698658,969.15377706361,1.04275020537417,-1464.17534133195,0.992329848978756,-495.021564268362,0.997682079523656,-6452.54453697894,0.997705147577369,0.106152175976836,0.110947370482599
6,China,2022-2030,diabetes,ssp245,ssp585,27,2664.80806201811,12372.7765765414,15037.5846385595,226561.660091931,2761.78634934265,12341.0422401227,15102.8285894654,227545.968386095,27,0.932757334322908,1.04178178722019,1.12518078806189,27,0.976531812460956,1.00527352179074,1.0323035887021,96.9782873245422,1.03639222227927,-31.73433641874,0.997435148349894,65.2439509058186,1.00433872543191,984.308294164162,1.00434454926648,0.177209846266466,0.182865503172636
6,China,2022-2030,inj_animal,ssp245,ssp585,27,55.4713894153586,-381.915241492506,-326.443852077148,-8080.59810139793,57.1896882562489,-380.976610924593,-323.786922668344,-8015.99165935692,27,0.973961314383372,1.03483580636208,1.10589339135965,0,,,,1.71829884089034,1.03097630794902,0.938630567913378,,2.65692940880382,,64.6064420410112,,-0.169926280009247,-0.17662754191845
6,China,2022-2030,inj_disaster,ssp245,ssp585,27,78.4315962995608,-533.880631518311,-455.44903521875,-16078.2780260598,80.8548870239613,-532.790957947037,-451.936070923075,-15955.7024182875,27,0.974783129927856,1.04488670743139,1.10566263483438,0,,,,2.4232907244005,1.03089686859292,1.08967357127437,,3.51296429567498,,122.575607772287,,-0.172207185073716,-0.178907797421029
6,China,2022-2030,inj_drowning,ssp245,ssp585,27,1699.85151087801,-11312.0789542904,-9612.2274434124,-334414.890804749,1749.18638087058,-11283.2369947659,-9534.05061389529,-331781.808149282,27,0.971833419359293,1.0337762826118,1.10082583204178,0,,,,49.3348699925668,1.02902304682312,28.8419595245396,,78.1768295171114,,2633.08265546657,,-0.176842622678782,-0.183467284967131
6,China,2022-2030,inj_homicide,ssp245,ssp585,27,92.736264837825,-623.49703889307,-530.760774055245,-20756.6569378476,95.7923573436269,-620.536228075257,-524.74387073163,-20522.1513509446,27,0.973991297597641,1.04810568512649,1.10503461531273,0,,,,3.05609250580189,1.03295466461957,2.9608108178129,,6.01690332361477,,234.505586902986,,-0.174723282825291,-0.18255069317926
6,China,2022-2030,inj_mech,ssp245,ssp585,27,252.241833199926,-1875.43956144335,-1623.19772824342,-53359.8130723989,259.26834500073,-1861.19547806089,-1601.92713306016,-52665.8228200581,27,0.9616420887331,1.01916435285103,1.10044827038614,0,,,,7.026511800804,1.02785625093057,14.2440833824555,,21.2705951832602,,693.990252340802,,-0.155398094028196,-0.161847776749651
6,China,2022-2030,inj_othunintent,ssp245,ssp585,27,143.165890031518,-1001.13352451034,-857.967634478826,-27852.7718682432,147.051921498443,-997.432149858948,-850.380228360505,-27609.4135500416,27,0.96726902423631,1.0261601207935,1.09673566459175,0,,,,3.88603146692455,1.02714355679324,3.70137465139635,,7.58740611832059,,243.358318201539,,-0.166866306231335,-0.172924906523229
6,China,2022-2030,inj_suicide,ssp245,ssp585,27,1340.06200819254,-8913.94979366905,-7573.88778547651,-185025.013262535,1382.75246647362,-8908.74950763406,-7525.99704116044,-183866.985958586,27,0.97510055756174,1.04198892692766,1.1006685437243,0,,,,42.6904582810746,1.03185707677711,5.20028603499122,,47.8907443160642,,1158.02730394917,,-0.17693185404228,-0.183730136872391
6,China,2022-2030,inj_trans_other,ssp245,ssp585,27,91.1972178337767,-758.252420170811,-667.055202337035,-21501.5704470526,93.3874665651105,-751.641745419137,-658.254278854026,-21219.6716839858,27,0.943569928844865,1.02983234171015,1.09258337646191,0,,,,2.19024873133375,1.02401661786795,6.61067475167454,,8.80092348300843,,281.89876306674,,-0.136716148100287,-0.14187141590282
6,China,2022-2030,inj_trans_road,ssp245,ssp585,27,921.259240761933,-6782.49935935684,-5861.24011859491,-188857.527875251,942.94602676175,-6674.13829828519,-5731.19227152344,-184683.520534133,27,0.917222193070069,1.02463612958748,1.15030807731664,0,,,,21.6867859998176,1.02354037282913,108.361061071655,,130.047847071472,,4174.00734111838,,-0.157178211798424,-0.164528772040499
6,China,2022-2030,lri,ssp245,ssp585,27,4486.35222778499,25336.5360051387,29822.8882329237,403923.816188259,4675.90310076903,25078.4794153054,29754.3825160744,403046.419598567,27,0.924661243549126,1.04668803585848,1.15317976086359,27,0.962186833270861,0.992958614217295,1.04048556068034,189.550872984039,1.04225055531978,-258.056589833275,0.989814843284775,-68.5057168492422,0.997702914744065,-877.396589691925,0.997827816646288,0.150433190532907,0.157150063465203
6,China,2022-2030,resp_copd,ssp245,ssp585,27,9453.77743311547,153625.841835424,163079.619268539,1788732.53200164,9811.06862262477,152528.461650017,162339.530272642,1780603.52588495,27,0.894262701199378,1.04196740765896,1.15494603607063,27,0.972442270825648,0.992503604223167,1.02936388015225,357.291189509295,1.03779348435449,-1097.38018540628,0.99285679953128,-740.088995896891,0.995461793452693,-8129.00611668755,0.995455437875001,0.0579703182747084,0.0604354873156742
6,China,2031-2040,ckd,ssp245,ssp585,27,2603.53238023341,23399.1792138909,26002.7115941243,380933.298882446,2852.54912950895,23117.4209889992,25969.9701185082,380443.092718548,27,0.970485448411859,1.07443402804725,1.23142864817673,27,0.977337604301706,1.00130534974668,1.01202871316952,249.016749275535,1.09564572776821,-281.75822489167,0.987958627851168,-32.7414756161452,0.998740843796324,-490.206163897994,0.998713144360611,0.100125418489882,0.10984029309591
6,China,2031-2040,cvd_cmp,ssp245,ssp585,27,1284.39834914258,2808.41888128605,4092.81723042863,65416.9867161099,1383.26714142,2824.18393728659,4207.45107870659,67238.6469102719,27,0.971653252196211,1.07812197711225,1.174253825797,27,0.992965467262244,1.02763881149383,1.06561221619908,98.8687922774213,1.0769767357171,15.7650560005363,1.00561349879307,114.63384827796,1.02800854321705,1821.66019416202,1.02784689857494,0.313817665639583,0.328766066567131
6,China,2031-2040,cvd_htn,ssp245,ssp585,27,3666.95553592487,51460.5243644878,55127.4799004127,649526.21266422,3953.84613528208,50801.1890771024,54755.0352123845,645133.804459162,27,0.91161542138685,1.07079900551786,1.23400246775632,27,0.961709287258415,0.996461747336749,1.00985895455633,286.890599357206,1.07823672704688,-659.335287385387,0.987187552098859,-372.44468802819,0.993243937711265,-4392.40820505761,0.993237519719118,0.0665177429214829,0.0722097268305252
6,China,2031-2040,cvd_ihd,ssp245,ssp585,27,20166.5247210298,160038.994644815,180205.519365845,2218258.06623388,21729.4142656509,159472.311536821,181201.725802472,2230462.50298937,27,0.969282959309407,1.06258857521728,1.19939180592947,27,0.986364082705208,1.00562439777267,1.02134146615411,1562.88954462113,1.07749920059312,-566.683107993653,0.996459093552472,996.206436627486,1.00552816828326,12204.4367554882,1.00550181105673,0.111908474235401,0.119918362639317
6,China,2031-2040,cvd_stroke,ssp245,ssp585,27,29142.2718364226,209045.310303162,238187.582139585,3054428.90302955,32305.7649000483,204921.925330364,237227.690230413,3042079.97206825,27,0.972397675059048,1.10415497304218,1.23795500838996,27,0.973656913601806,0.996694810555364,1.01097185486197,3163.49306362569,1.10855341276694,-4123.38497279809,0.98027516155795,-959.891909172322,0.995970016990181,-12348.9309613039,0.995957040954839,0.122350088844449,0.136180413292692
6,China,2031-2040,diabetes,ssp245,ssp585,27,3582.67569892853,14806.5796359944,18389.2553349229,262157.22429622,3889.80803406869,14717.5575004111,18607.3655344798,265247.147812447,27,0.980427607457626,1.07929961148004,1.19683891692047,27,0.99230074175579,1.01202066270283,1.03508638504321,307.132335140165,1.08572708247973,-89.0221355832619,0.993987663743296,218.110199556901,1.01186074126355,3089.92351622734,1.01178652819705,0.194824403363669,0.209046682447378
6,China,2031-2040,inj_animal,ssp245,ssp585,27,70.6457391537106,-455.149901906881,-384.50416275317,-8720.83715137979,75.3550909254177,-452.201445050912,-376.846354125494,-8548.00260084394,27,0.986389770437162,1.06911913848367,1.13354028701437,0,,,,4.70935177170708,1.0666615117645,2.94845685596846,,7.65780862767576,,172.834550535848,,-0.183732052854422,-0.199962372198839
6,China,2031-2040,inj_disaster,ssp245,ssp585,27,81.5905049808972,-526.220779260007,-444.63027427911,-14808.6955539385,86.811959665393,-523.559014408563,-436.74705474317,-14547.3756427155,27,0.988178776190097,1.06451761730251,1.12928380906662,0,,,,5.22145468449581,1.06399586184346,2.6617648514441,,7.88321953593987,,261.319911223043,,-0.183501910915045,-0.198769422077598
6,China,2031-2040,inj_drowning,ssp245,ssp585,27,1693.80584745108,-10606.4804211985,-8912.67457374741,-258185.083175614,1802.89099627914,-10538.1099913108,-8735.21899503164,-253095.487285521,27,0.985957112343557,1.06613865978823,1.13040067756682,0,,,,109.085148828062,1.06440239239475,68.3704298877037,,177.455578715768,,5089.5958900929,,-0.190044619427735,-0.206393336824706
6,China,2031-2040,inj_homicide,ssp245,ssp585,27,88.0200630814677,-543.671848940645,-455.651785859177,-17454.5911922536,94.6182146609151,-536.495080288039,-441.876865627124,-16927.8281059908,27,0.960494944306878,1.08173809731102,1.16149827041797,0,,,,6.5981515794474,1.07496190468917,7.17676865260592,,13.7749202320533,,526.763086262767,,-0.193173967079921,-0.214128011717994
6,China,2031-2040,inj_mech,ssp245,ssp585,27,246.340044777535,-1695.79364599543,-1449.4536012179,-45594.2182377635,261.87011217329,-1657.06758194794,-1395.19746977465,-43893.510775339,27,0.984429176509845,1.05699359855944,1.14418172533411,0,,,,15.5300673957547,1.0630432108989,38.7260640474908,,54.2561314432446,,1700.70746242451,,-0.169953729164251,-0.187693941428654
6,China,2031-2040,inj_othunintent,ssp245,ssp585,27,119.058957412146,-783.680346867279,-664.621389455132,-20222.5920621344,126.01382689325,-775.595322631157,-649.581495737907,-19767.0415009212,27,0.983553628033834,1.05851940703721,1.12376713366036,0,,,,6.95486948110411,1.05841534003215,8.08502423612129,,15.0398937172251,,455.550561213182,,-0.179138016472435,-0.193992328476201
6,China,2031-2040,inj_suicide,ssp245,ssp585,27,1594.41438469494,-9942.21365448718,-8347.79926979224,-189647.045527329,1711.3404356072,-9912.53589975663,-8201.19546414943,-186341.723738864,27,0.975850634090733,1.08165053084207,1.14659651922084,0,,,,116.926050912265,1.07333479428852,29.6777547305464,,146.60380564281,,3305.32178846523,,-0.190998170076342,-0.208669631529712
6,China,2031-2040,inj_trans_other,ssp245,ssp585,27,94.1414404483656,-737.968193013209,-643.826752564844,-20153.2962893442,98.1959603201464,-719.843581990462,-621.647621670315,-19460.3878927068,27,0.98173392222432,1.04131292756292,1.10139348351843,0,,,,4.05451987178073,1.04306838574458,18.1246110227472,,22.1791308945283,,692.908396637409,,-0.146221697177587,-0.157960807533216
6,China,2031-2040,inj_trans_road,ssp245,ssp585,27,885.578777645282,-6137.87605507273,-5252.29727742745,-165206.368597665,932.119280676354,-5909.3188756947,-4977.19959501834,-156566.668679258,27,0.948903005692454,1.04756240928236,1.20363162558992,0,,,,46.5405030310723,1.05255376958651,228.557179378034,,275.097682409106,,8639.69991840632,,-0.168607893054948,-0.187277858338112
6,China,2031-2040,lri,ssp245,ssp585,27,6882.07451161363,32963.9928272593,39846.0673388729,485467.212613121,7552.57056626956,32073.5243258716,39626.0948921411,482778.632409137,27,0.980429130312901,1.09555835994439,1.20516993275403,27,0.959621708456833,0.996718575039592,1.02438340761689,670.496054655932,1.09742644511106,-890.468501387735,0.972986631017242,-219.972446731786,0.994479443984747,-2688.58020398417,0.99446187068018,0.172716530670008,0.19059588351633
6,China,2031-2040,resp_copd,ssp245,ssp585,27,14693.7287133673,202721.703960253,217415.43267362,2424744.29049135,16101.1712654302,199039.991432721,215141.162698151,2399363.28133251,27,0.954869618686122,1.08995674290266,1.24250229188733,27,0.955741040819087,0.990566511436718,1.00937947417514,1407.4425520629,1.09578525502397,-3681.71252753152,0.981838587306599,-2274.26997546869,0.98953951912474,-25381.0091588339,0.989532500701882,0.0675836509518866,0.0748400309057574
6,China,2041-2050,ckd,ssp245,ssp585,27,4041.28893779612,31211.3995861366,35252.6885239327,485190.255065861,4630.3711967802,30549.9308535703,35180.3020503505,484187.14424298,27,1.03048057816502,1.12374173331021,1.33532054408238,27,0.981018840478984,0.998456556554545,1.02078396725076,589.082258984082,1.14576593459445,-661.468732566289,0.978806822464312,-72.3864735822208,0.997946639629114,-1003.11082288157,0.997932541281676,0.114637751247044,0.131618289978101
6,China,2041-2050,cvd_cmp,ssp245,ssp585,27,1853.89229348128,3687.11191729338,5541.00421077466,80559.0263272683,2061.48393908531,3722.02615523683,5783.51009432213,84068.4967350907,27,1.03040991265273,1.09973661500131,1.25428436588292,27,1.00370538637133,1.03575126646166,1.12084462860008,207.591645604027,1.11197610904041,34.9142379434438,1.00946926448847,242.505883547469,1.04376569197979,3509.47040782242,1.0435639625728,0.334576950848787,0.356441660075796
6,China,2041-2050,cvd_htn,ssp245,ssp585,27,6034.16044276719,73437.2442913649,79471.4047341321,934408.158862455,6732.72211463453,71722.7843806421,78455.5064952767,922465.325405028,27,1.01143674012232,1.09597426842047,1.30673472283632,27,0.961617587120089,0.986804686560693,1.01103088231803,698.561671867339,1.11576783191184,-1714.45991072277,0.976654081627565,-1015.89823885541,0.987216807828501,-11942.8334574276,0.987218825794536,0.0759286999261458,0.0858158007690623
6,China,2041-2050,cvd_ihd,ssp245,ssp585,27,23256.7933061696,165865.575333771,189122.368639941,2257230.58949601,26203.6150887375,164641.840845603,190845.455934341,2277770.15529129,27,1.03032020599164,1.10037819742084,1.30321253489646,27,0.990965451579778,1.00750427237146,1.03300591930487,2946.82178256791,1.12670800070215,-1223.73448816827,0.992622130989473,1723.08729439974,1.00911096506876,20539.5657952852,1.00909945394629,0.122972197701515,0.137302798017642
6,China,2041-2050,cvd_stroke,ssp245,ssp585,27,36140.3370762189,219409.501843834,255549.838920053,3192038.94342886,42242.57716865,211463.798585495,253706.375754145,3169017.52499349,27,1.01707913685938,1.14059869544557,1.39673096922827,27,0.975521419477278,0.993546793062836,1.013236952997,6102.24009243114,1.16884845538551,-7945.70325833917,0.963785965550414,-1843.46316590806,0.992786287114488,-23021.4184353752,0.992787864169775,0.141421873826832,0.166501835214363
6,China,2041-2050,diabetes,ssp245,ssp585,27,4627.83175198895,16886.3454437847,21514.1771957736,288968.620781535,5252.92290519522,16687.0879271432,21940.0108323384,294671.423882332,27,1.03471028023824,1.10701064448837,1.29190394657195,27,0.999158978555946,1.01608546090807,1.06010924675603,625.091153206273,1.13507214322077,-199.257516641475,0.988200080514472,425.833636564792,1.0197931639537,5702.80310079787,1.01973502550337,0.215106146513382,0.239422074370751
6,China,2041-2050,inj_animal,ssp245,ssp585,27,90.2958815500056,-537.442029104695,-447.14614755469,-9392.6463851771,99.5345379372574,-529.628118461131,-430.093580523874,-9035.66509856911,27,1.02829701037108,1.08198675103493,1.21126388688644,0,,,,9.23865638725184,1.10231536841617,7.81391064356455,,17.0525670308161,,356.98128660799,,-0.201938185185777,-0.23142530473489
6,China,2041-2050,inj_disaster,ssp245,ssp585,27,82.7738621424476,-489.012468025539,-406.238605883091,-12732.1747121661,90.5255511760713,-482.374135410026,-391.848584233955,-12283.1480191402,27,1.00812627830989,1.07985396326736,1.20972386958171,0,,,,7.75168903362368,1.09364899538315,6.63833261551304,,14.3900216491367,,449.026693025933,,-0.203756760051182,-0.231021764064924
6,China,2041-2050,inj_drowning,ssp245,ssp585,27,1781.68676599825,-10326.2246457497,-8544.53787975144,-209565.569133357,1961.87690243839,-10182.8974929643,-8221.02059052589,-201699.671629772,27,1.02473550202131,1.08159786046459,1.20603032488991,0,,,,180.190136440135,1.10113457644682,143.327152785419,,323.517289225551,,7865.89750358564,,-0.20851762740972,-0.23864152641818
6,China,2041-2050,inj_homicide,ssp245,ssp585,27,81.5079849025244,-454.740981782598,-373.232996880074,-13780.0049073316,92.386742082097,-443.921904206027,-351.53516212393,-12979.8937064628,27,1.03494800566984,1.12693902199801,1.26019182619137,0,,,,10.8787571795726,1.13346860669642,10.8190775765708,,21.6978347561438,,800.11120086872,,-0.218383651991826,-0.262809391595163
6,China,2041-2050,inj_mech,ssp245,ssp585,27,244.424926059306,-1519.26915109133,-1274.84422503203,-37617.1574992496,270.01963919844,-1455.50362071581,-1185.48398151737,-34991.2190989263,27,1.01769496066115,1.08751798139725,1.21929277442311,0,,,,25.594713139134,1.10471400585767,63.7655303755235,,89.3602435146572,,2625.93840032325,,-0.191729249158395,-0.227771647199169
6,China,2041-2050,inj_othunintent,ssp245,ssp585,27,102.47555214127,-624.939885077543,-522.464332936274,-14502.6111283803,111.555847038,-611.930221616716,-500.374374578717,-13893.4112224324,27,1.01922881610163,1.0714932748044,1.1903687995245,0,,,,9.08029489672987,1.08860937762221,13.0096634608275,,22.0899583575571,,609.19990594788,,-0.196138847536927,-0.222944764371522
6,China,2041-2050,inj_suicide,ssp245,ssp585,27,1867.69647202185,-10719.8522476621,-8852.15577564028,-184259.923291931,2098.6979610409,-10620.198123073,-8521.50016203209,-177409.995559097,27,1.04056577539185,1.11838192425815,1.22786660000193,0,,,,231.001489019045,1.12368256431356,99.6541245891567,,330.655613608196,,6849.9277328343,,-0.210987754775108,-0.246282687453523
6,China,2041-2050,inj_trans_other,ssp245,ssp585,27,95.9838415038432,-698.048760777492,-602.064919273649,-17944.0635511885,102.411475206216,-666.739452153782,-564.327976947566,-16822.0121866355,27,1.01390093093692,1.05787599328352,1.16077150819445,0,,,,6.42763370237257,1.06696578925855,31.3093086237102,,37.7369423260824,,1122.05136455302,,-0.159424404962245,-0.181475098505937
6,China,2041-2050,inj_trans_road,ssp245,ssp585,27,864.788365689202,-5388.12382299333,-4523.33545730413,-137343.473945771,980.061054974467,-5048.57215230153,-4068.51109732706,-123556.443848187,27,1.02165927387136,1.12327694768207,1.36845597904821,0,,,,115.272689285265,1.1332958372924,339.551670691803,,454.824359977069,,13787.0300975838,,-0.191183778840185,-0.240889365059948
6,China,2041-2050,lri,ssp245,ssp585,27,10754.8685574734,43612.7990073268,54367.6675648002,627954.471613224,12320.5806828291,41557.9491813779,53878.529864207,622301.865778725,27,1.04179928240367,1.12177522785023,1.30719609325788,27,0.96263282876968,0.987411191730143,1.02447104688477,1565.71212535571,1.14558170720438,-2054.84982594894,0.952884247910717,-489.137700593223,0.991003150907472,-5652.60583449819,0.990998382701255,0.197817361663617,0.22867328997063
6,China,2041-2050,resp_copd,ssp245,ssp585,27,23160.0135155061,267876.803626298,291036.817141804,3269830.51643852,26345.2066351401,259219.946296897,285565.152932037,3208372.42424919,27,1.02602318801168,1.11678729477014,1.33340132493733,27,0.954846405001066,0.982521422064828,1.00375795398879,3185.19311963397,1.13752984718689,-8656.85732940125,0.967683438012505,-5471.66420976725,0.981199408846266,-61458.0921893315,0.981204502227146,0.0795776072008844,0.092256377799045
11,Indonesia,2022-2030,ckd,ssp245,ssp585,27,329.569111325306,204.65216810705,534.221279432356,10762.8595876887,342.254374532562,200.106316356126,542.360690888688,10919.0227599055,27,0.852390511139805,1.06244969122722,1.28404835190272,27,0.890578084968157,1.02761933103827,1.1225069354459,12.6852632072561,1.0384904494121,-4.54585175092413,0.977787424423736,8.1394114563318,1.01523603003044,156.163172216817,1.01450944992309,0.616914982636959,0.631045686537053
11,Indonesia,2022-2030,cvd_cmp,ssp245,ssp585,27,-156.164492808496,23.1620814357674,-133.002411372729,-2330.50339633903,-160.874642567769,22.7274398142398,-138.14720275353,-2418.57985644049,0,,,,0,,,,-4.71014975927309,,-0.434641621527653,0.981234777075929,-5.14479138080074,,-88.0764601014571,,1.17414783083036,1.16451610572809
11,Indonesia,2022-2030,cvd_htn,ssp245,ssp585,27,86.527519198139,507.392032703871,593.91955190201,8265.58932713189,94.6006275589166,495.541527250129,590.142154809046,8212.20132300625,27,0.590001102003573,1.16646942807659,4.58591867510309,27,0.93042270916395,0.993910902829117,1.03152198492575,8.07310836077758,1.09330104960355,-11.8505054537421,0.976644281561554,-3.77739709296452,0.993639884255591,-53.3880041256325,0.993540931927215,0.145688955551366,0.160301423628222
11,Indonesia,2022-2030,cvd_ihd,ssp245,ssp585,27,1188.44080779338,1928.31990048571,3116.76070827909,48978.6998884924,1242.16282275693,1889.22913286157,3131.3919556185,49188.9691144316,27,0.796771311088307,1.07348902351308,1.45201812389004,27,0.879235969745067,1.00763453347731,1.09114589143191,53.7220149635498,1.04520377843916,-39.0907676241402,0.979728069178618,14.6312473394096,1.00469437621584,210.269225939112,1.00429307487577,0.381306400788648,0.396680722299288
11,Indonesia,2022-2030,cvd_stroke,ssp245,ssp585,27,3305.8879325604,1549.41065388674,4855.29858644713,71012.1869954413,3412.91864887586,1505.21565887102,4918.13430774689,71907.2437929707,27,0.874014738552532,1.05385750291981,1.23818669841534,27,0.908341508358849,1.02053516598326,1.10289533044751,107.03071631547,1.03237578481149,-44.1949950157155,0.971476254597288,62.8357212997553,1.01294168014201,895.056797529367,1.01260427027246,0.680882519107745,0.693945800443055
11,Indonesia,2022-2030,diabetes,ssp245,ssp585,27,1019.24203459517,-27.5921059712764,991.649928623891,15951.1698863101,1051.59619670245,-27.0684027008041,1024.52779400165,16471.4407297738,27,0.885938171141995,1.0476049170355,1.2232070164402,27,0.881604894791174,1.04492242933352,1.23449877266173,32.354162107287,1.03174335536518,0.523703270472264,,32.8778653777595,1.03315470956912,520.270843463719,1.0326164693356,1.02782444204838,1.02642036932456
11,Indonesia,2022-2030,inj_animal,ssp245,ssp585,27,8.44462819255713,-31.4843939558908,-23.0397657633337,-612.199441269411,8.22555183422163,-30.7018011254894,-22.4762492912678,-597.094916818598,27,0.857833566076493,0.968274271684695,1.07726811529362,0,,,,-0.219076358335498,0.974057311542906,0.782592830401363,,0.563516472065881,,15.1045244508124,,-0.366524047132294,-0.365966390905681
11,Indonesia,2022-2030,inj_disaster,ssp245,ssp585,27,149.105038959029,-37.7525171875433,111.352521771486,4324.66369119974,149.594427135445,-35.7952055747405,113.799221560705,4419.58967425231,27,0.913480441863337,1.0037185064947,1.05594971689943,27,0.899813708354029,1.0311631112443,1.19803475164743,0.489388176416469,1.00328217060827,1.95731161280278,,2.44669978921927,1.02197255841444,94.9259830525671,1.02194991098284,1.33903603247547,1.31454701608522
11,Indonesia,2022-2030,inj_drowning,ssp245,ssp585,27,81.5747587592423,-163.821461435765,-82.2467026765229,-4180.14857018176,81.9213613369065,-160.029633810774,-78.1082724738673,-3972.07283405811,27,0.928226973368091,1.00457555941917,1.05646702977817,0,,,,0.346602577664214,1.00424889491475,3.79182762499138,,4.13843020265563,,208.075736123653,,-0.991830141569038,-1.0488179899807
11,Indonesia,2022-2030,inj_homicide,ssp245,ssp585,27,66.5159531871339,-26.049283558847,40.466669628287,1616.97465757106,68.3049684473897,-25.5290983789117,42.7758700684781,1708.35385690632,27,0.918332366426867,1.03250285988874,1.18778055580847,27,0.880685067894938,1.10379208870455,1.47470110426189,1.78901526025581,1.02689603282423,0.520185179935307,,2.30920044019115,1.05706425711339,91.3791993352634,1.056512449906,1.64372195187118,1.59681073320176
11,Indonesia,2022-2030,inj_mech,ssp245,ssp585,27,32.0853661377138,-11.9471985637994,20.1381675739144,704.621512679745,33.0182401142276,-11.6925315920745,21.3257085221531,745.445023527835,27,0.914854388474904,1.03605422984032,1.20068392281459,27,0.873996939542992,1.10276529523945,1.48900144204751,0.932873976513768,1.02907474929567,0.254666971724953,,1.18754094823874,1.05896966265079,40.8235108480897,1.05793679317686,1.59326145340428,1.5482833820001
11,Indonesia,2022-2030,inj_othunintent,ssp245,ssp585,27,11.1177839324796,-39.5283045571115,-28.4105206246319,-1050.72497606763,10.9482370139899,-38.5692040633649,-27.6209670493751,-1021.66639390652,27,0.882646515547187,0.978137853606973,1.05489942762888,0,,,,-0.169546918489759,0.984749935821793,0.959100493746575,,0.789553575256804,,29.0585821611089,,-0.391326300540954,-0.396374138328281
11,Indonesia,2022-2030,inj_suicide,ssp245,ssp585,27,89.248896454759,-57.4846868566916,31.7642095980674,1007.55615927775,91.3288968104592,-56.2483697575887,35.0805270528705,1111.3386165885,27,0.924247313901413,1.02628934533226,1.16053119708156,27,0.786702767939164,1.18501556985235,2.27106494974593,2.08000035570024,1.02330561428011,1.23631709910293,,3.31631745480316,1.10440421772701,103.782457310747,1.10300414161047,2.80973137956466,2.6034072028854
11,Indonesia,2022-2030,inj_trans_other,ssp245,ssp585,27,34.0781164670267,-22.4751201186631,11.6029963483635,396.098117734516,34.9901386865634,-21.9819917924552,13.0081468941082,443.804474879966,27,0.919945677983404,1.03400537250769,1.18132397560459,27,0.729824973570817,1.19838510468855,2.73818574499462,0.912022219536716,1.02676269448223,0.493128326207938,,1.40515054574466,1.12110238627653,47.7063571454497,1.12044075699805,2.93701001395497,2.68986343492258
11,Indonesia,2022-2030,inj_trans_road,ssp245,ssp585,27,1178.02964684753,-278.435984163373,899.593662684156,32313.1007796711,1212.74395494506,-273.98345040119,938.760504543871,33701.351490483,27,0.91401172155832,1.0372631480109,1.20193307320523,27,0.896509676423214,1.07535362885692,1.32586913869034,34.7143080975332,1.02946811074783,4.4525337621825,,39.1668418597154,1.04353837013797,1388.25071081186,1.04296247272206,1.30951305651998,1.29185660141754
11,Indonesia,2022-2030,lri,ssp245,ssp585,27,-267.299197546894,-71.3054224756696,-338.604620022563,-7977.44555630236,-277.908807626909,-71.4854694756035,-349.394277102513,-8215.15668140545,0,,,,0,,,,-10.6096100800156,,-0.18004699993395,,-10.7896570799496,,-237.711125103086,,0.789413911508596,0.795401716168838
11,Indonesia,2022-2030,resp_copd,ssp245,ssp585,27,469.486659968962,680.993900061583,1150.48056003054,14367.4283206901,489.086065711761,663.969648946397,1153.05571465816,14397.2702100449,27,0.856114013671667,1.07014316683826,1.30700842219605,27,0.937219275913094,1.00703899293431,1.04426278184702,19.599405742799,1.04174645930109,-17.0242511151862,0.975000875758731,2.57515462761239,1.00223832954426,29.8418893548042,1.00207705155639,0.408078742292262,0.424165163481938
11,Indonesia,2031-2040,ckd,ssp245,ssp585,27,612.432931588034,263.165926926351,875.598858514385,15860.3303592285,701.040665860853,243.950479942777,944.99114580363,17098.4695453938,27,0.813140337821169,1.15025312856703,1.40353301193022,27,0.895982332571789,1.07757355572365,1.2102850382743,88.6077342728194,1.1446815311565,-19.2154469835745,0.926983530094487,69.3922872892449,1.07925123087413,1238.1391861654,1.07806515741616,0.699444643666095,0.741848925224248
11,Indonesia,2031-2040,cvd_cmp,ssp245,ssp585,27,-250.530513731197,30.3490215460644,-220.181492185133,-3340.12489702086,-274.933237397503,28.1771032195739,-246.756134177929,-3738.74742370513,0,,,,0,,,,-24.4027236663053,,-2.17191832649053,0.928435309744865,-26.5746419927959,,-398.622526684265,,1.13783638781295,1.11419008209642
11,Indonesia,2031-2040,cvd_htn,ssp245,ssp585,27,253.139606848552,679.458656196403,932.598263044955,12351.632576552,320.951246505954,633.149762755301,954.101009261255,12634.2066907145,27,0.60246052101244,1.2885176134847,1.87943070946952,27,0.956374367856367,1.01153149831578,1.11344126713452,67.8116396574023,1.26788237724479,-46.3088934411022,0.931844427885666,21.5027462162999,1.02305681563902,282.57411416256,1.02287747084535,0.271434782670563,0.336391266113911
11,Indonesia,2031-2040,cvd_ihd,ssp245,ssp585,27,1892.72124721606,1908.4217146415,3801.14296185756,54769.133031792,2268.21747051348,1784.5232927566,4052.74076327008,58345.0096055765,27,0.702402887409341,1.20268817657655,1.60512113382759,27,0.90613183311201,1.0610389965071,1.17697876654299,375.496223297419,1.19838960641971,-123.898421884892,0.935078069519783,251.597801412527,1.06619003913748,3575.87657378446,1.065289997775,0.497934770201624,0.559674946660861
11,Indonesia,2031-2040,cvd_stroke,ssp245,ssp585,27,4753.1026391283,1563.70863114035,6316.81127026865,85898.0243402412,5356.00596931094,1447.32438038562,6803.33034969656,92460.4225693884,27,0.832166997257517,1.13283704611761,1.33373541814547,27,0.897367567753797,1.07251984309893,1.19901739247946,602.903330182642,1.12684416389822,-116.384250754728,0.925571651625499,486.519079427916,1.07701972698121,6562.39822914721,1.0763975455728,0.75245284935134,0.787262369164512
11,Indonesia,2031-2040,diabetes,ssp245,ssp585,27,1575.55987314095,-42.986121865862,1532.57375127509,22804.0096043573,1760.03183968461,-45.4116803444803,1714.62015934013,25491.9333005639,27,0.848396462203954,1.12189586169938,1.30490626956437,27,0.845387746864746,1.12601229938135,1.30855728806347,184.47196654366,1.11708343788669,-2.42555847861831,,182.046408065042,1.11878476185148,2687.92369620657,1.1178706614688,1.02804832187038,1.02648497983481
11,Indonesia,2031-2040,inj_animal,ssp245,ssp585,27,9.27740737498501,-38.0649565506055,-28.7875491756205,-640.772027995523,8.77797400848725,-35.5517754413886,-26.7738014329014,-595.887602570238,27,0.853275981748221,0.93032164794935,1.13552759400887,0,,,,-0.499433366497756,0.94616670947916,2.51318110921689,,2.01374774271912,,44.8844254252855,,-0.322271525039785,-0.327856842835187
11,Indonesia,2031-2040,inj_disaster,ssp245,ssp585,27,122.472155067909,-46.0384406375096,76.4337144303992,2799.10929569281,123.671840328624,-41.8832269135722,81.7886134150517,2995.76803838218,27,0.933248599989538,0.997339152168489,1.16178819307778,27,0.949501802503299,1.05447664129565,1.3837815157731,1.19968526071517,1.00979557565595,4.15521372393743,,5.35489898465256,1.07005938445565,196.658742689376,1.07025761480339,1.6023315886268,1.51209117216633
11,Indonesia,2031-2040,inj_drowning,ssp245,ssp585,27,70.062129707123,-127.246480638339,-57.1843509312164,-2609.08691056002,72.7554712664813,-119.281858302458,-46.5263870359765,-2130.83299886491,27,0.978935421886728,1.03656179107357,1.09540657119499,0,,,,2.69334155935832,1.03844218796398,7.96462233588156,,10.6579638952399,,478.253911695105,,-1.22519760329878,-1.56374642222323
11,Indonesia,2031-2040,inj_homicide,ssp245,ssp585,27,72.2392986230332,-22.9058540876981,49.3334445353351,1872.03917881919,78.8865163712931,-21.5837116027916,57.3028047685015,2173.38635389251,27,0.869517941277703,1.10349854692649,1.23390520401389,27,0.772935045111656,1.17676613809578,1.41121212102046,6.64721774825995,1.0920166429487,1.32214248490648,,7.96936023316645,1.16154072167935,301.347175073314,1.1609726860863,1.46430680653754,1.37666064846194
11,Indonesia,2031-2040,inj_mech,ssp245,ssp585,27,37.6658473339397,-11.0914195238846,26.5744278100551,848.577121597539,41.3023937531643,-10.4075482322325,30.8948455209318,985.635455145266,27,0.864343599607783,1.10618574452748,1.24538478894163,27,0.773134504751041,1.176016547755,1.40979457037855,3.63654641922464,1.09654758027832,0.683871291652025,,4.32041771087667,1.1625780145393,137.058333547727,1.16151547108612,1.41737190366477,1.3368700524876
11,Indonesia,2031-2040,inj_othunintent,ssp245,ssp585,27,8.25412224936676,-30.7064922271454,-22.4523699777786,-794.143529554345,8.05643074745386,-28.7568554659903,-20.7004247185365,-732.528730116251,27,0.914540943582311,0.968195279448093,1.10301333252324,0,,,,-0.197691501912896,0.976049361041622,1.94963676115502,,1.75194525924212,,61.6147994380939,,-0.367628105965471,-0.38919156766091
11,Indonesia,2031-2040,inj_suicide,ssp245,ssp585,27,111.007316753302,-58.3952118947401,52.6121048585624,1519.4690497519,120.397820248893,-54.8848651996766,65.5129550492167,1889.17799414063,27,0.892807758829745,1.09123972588861,1.21558247615852,27,0.667712363129368,1.23358659635551,1.82602577973639,9.39050349559088,1.08459355446326,3.51034669506346,,12.9008501906543,1.24520688205377,369.708944388735,1.24331456073363,2.10991970482315,1.83777117302134
11,Indonesia,2031-2040,inj_trans_other,ssp245,ssp585,27,41.9296638372258,-22.1292778722687,19.800385964957,620.592423055331,45.736968830149,-20.7224960004478,25.0144728297012,783.717157847042,27,0.878787660117366,1.0988982388207,1.2305693056456,27,0.622657558029149,1.25347371263537,1.96238151475641,3.80730499292321,1.09080218261953,1.40678187182091,,5.21408686474412,1.26333258725219,163.124734791712,1.26285324913992,2.11761851064082,1.82842025660612
11,Indonesia,2031-2040,inj_trans_road,ssp245,ssp585,27,1403.3969134127,-271.086647781309,1132.31026563139,38087.8005106865,1539.52601051571,-256.246521179966,1283.27948933574,43135.9167575088,27,0.863699500611833,1.10699612626296,1.24655361199126,27,0.817510207712262,1.1547571421666,1.33765581048921,136.129097103008,1.09699971248474,14.8401266013437,,150.969223704352,1.13332849510127,5048.11624682227,1.13253892792801,1.23941021821448,1.1996809917944
11,Indonesia,2031-2040,lri,ssp245,ssp585,27,-415.234732939688,-85.4190732517229,-500.653806191411,-8695.09893098605,-450.317449675871,-85.5043941826609,-535.821843858532,-9296.3947909171,0,,,,0,,,,-35.0827167361833,,-0.0853209309380816,,-35.1680376671212,,-601.295859931046,,0.829384951846216,0.840423836462263
11,Indonesia,2031-2040,resp_copd,ssp245,ssp585,27,905.935532731612,900.497556655492,1806.4330893871,21288.7965998254,1037.74910662216,837.476427050014,1875.22553367217,22092.3027534261,27,0.813392057756963,1.15215064072103,1.39887253797575,27,0.945112456990156,1.03145686350796,1.10097239624257,131.813573890545,1.1454999490892,-63.0211296054782,0.930015213101141,68.7924442850683,1.03808192215324,803.506153600603,1.03774314578247,0.50150516952664,0.55339962473206
11,Indonesia,2041-2050,ckd,ssp245,ssp585,27,1143.16587220266,324.073309637792,1467.23918184045,24047.7001535333,1497.59690966219,274.1972443643,1771.79415402649,29028.5460180723,27,1.16403240166041,1.31549245494402,1.56618525354161,27,1.09324500384895,1.18591059266616,1.37246815780606,354.431037459538,1.31004340321726,-49.8760652734916,0.84609634983752,304.554972186046,1.20757009215364,4980.845864539,1.20712358490578,0.779127143243757,0.845243171312439
11,Indonesia,2041-2050,cvd_cmp,ssp245,ssp585,27,-420.586453885816,40.3578963894707,-380.228557496345,-5034.27439588897,-509.313173718391,34.6143188517599,-474.698854866631,-6285.41083069656,0,,,,0,,,,-88.7267198325745,,-5.74357753771086,0.857683921820828,-94.4702973702852,,-1251.13643480759,,1.10614115008933,1.07291847978333
11,Indonesia,2041-2050,cvd_htn,ssp245,ssp585,27,615.865440168203,848.239925855347,1464.10536602355,18615.3934054769,910.383114472427,718.431777445927,1628.81489191835,20710.6162936564,27,1.21301798162348,1.47228179896559,1.89012320210956,27,1.00951408028647,1.10232033325875,1.28584422933595,294.517674304224,1.47821757009743,-129.80814840942,0.846967650952619,164.709525894803,1.11249841009882,2095.22288817946,1.11255324249892,0.420642840645321,0.558923619245778
11,Indonesia,2041-2050,cvd_ihd,ssp245,ssp585,27,2832.39799172527,1710.69542328375,4543.09341500901,60080.3902681884,4030.78930390747,1468.74785034298,5499.53715425044,72700.8597502433,27,1.18749967419519,1.41621786581657,1.78134591734709,27,1.06817755205494,1.20603218222177,1.41796077765322,1198.3913121822,1.42310131403964,-241.947572940771,0.858567708986827,956.443739241428,1.21052698059908,12620.4694820549,1.21005971209107,0.623451409202346,0.732932461560366
11,Indonesia,2041-2050,cvd_stroke,ssp245,ssp585,27,6750.0276116591,1423.45308782851,8173.4806994876,104447.717386446,8695.40407670253,1204.71949910669,9900.12357580922,126500.941173554,27,1.14362446865929,1.27444184024557,1.51881956801187,27,1.08743442252759,1.1923198164394,1.37486866153319,1945.37646504343,1.28820274182038,-218.733588721818,0.84633593436121,1726.64287632162,1.21124939787646,22053.2237871081,1.2111412708572,0.825844931900587,0.878312680656795
11,Indonesia,2041-2050,diabetes,ssp245,ssp585,27,2408.01207504798,-59.6156252043108,2348.39644984367,32343.5304180349,3038.74960566927,-65.0259743838759,2973.72363128539,40949.4555609017,27,1.1268375829399,1.25404544141812,1.47350909463326,27,1.12943539158634,1.26401366549976,1.48190717293047,630.737530621283,1.26193287698058,-5.41034917956501,,625.327181441717,1.2662783711342,8605.92514286678,1.26607871904015,1.02538567336375,1.02186685194944
11,Indonesia,2041-2050,inj_animal,ssp245,ssp585,27,11.1886750227915,-45.5073672061558,-34.3186921833644,-643.089470205195,9.38745257588175,-38.7425961992458,-29.3551436233641,-549.033922726263,27,0.541634718701847,0.856238283707964,0.961266868320341,0,,,,-1.8012224469097,0.839013784631282,6.76477100691002,,4.96354856000032,,94.0555474789322,,-0.32602276808832,-0.319789018794314
11,Indonesia,2041-2050,inj_disaster,ssp245,ssp585,27,157.061942919323,-56.592145376488,100.469797542835,3439.18253840611,167.38683504863,-46.673812773089,120.713022275541,4131.67498210953,27,0.963030460129722,1.07551820011202,1.10942324054926,27,0.998246097008987,1.21720632064665,1.35126666861314,10.3248921293064,1.06573770792209,9.91833260339899,,20.2432247327054,1.20148567258807,692.492443703423,1.20135379148103,1.56327520071253,1.38665101654526
11,Indonesia,2041-2050,inj_drowning,ssp245,ssp585,27,66.0733212420638,-98.7336232355356,-32.6603019934717,-1281.48708276351,72.5126918121167,-84.4516066749279,-11.9389148628112,-481.445716711781,27,0.995493350574532,1.08843043343603,1.16107642410477,3,2.61922150731109,3.61612199572198,11.2934795784765,6.43937057005289,1.09745795199944,14.2820165606077,,20.7213871306605,,800.041366051729,,-2.02304685533131,-6.07364175432628
11,Indonesia,2041-2050,inj_homicide,ssp245,ssp585,27,78.3810144915247,-18.6875434806063,59.6934710109184,2157.68622960389,94.8710882309722,-16.3871127891703,78.4839754418018,2837.12445440546,27,1.09519360588199,1.20134232530307,1.3802737958558,27,1.14814048012318,1.32970904829803,1.60157640496052,16.4900737394475,1.21038352012184,2.30043069143597,,18.7905044308835,1.31478324367244,679.438224801572,1.31489204291131,1.31305841600647,1.2087956515572
11,Indonesia,2041-2050,inj_mech,ssp245,ssp585,27,45.2722465635129,-9.86917720021409,35.4030693632988,1036.49276250941,55.1142410539882,-8.57328068441063,46.5409603695776,1362.73011130044,27,1.10303393999712,1.2125862111918,1.39493690089689,27,1.14807396610945,1.32725642212882,1.60102886351295,9.84199449047528,1.21739576092536,1.29589651580346,,11.1378910062788,1.31460241178481,326.237348791034,1.31475120771822,1.27876614592194,1.18420936345814
11,Indonesia,2041-2050,inj_othunintent,ssp245,ssp585,27,6.27714464853256,-22.5637770928805,-16.286632444348,-549.395721902315,5.78261976202637,-19.2430650663154,-13.460445304289,-454.501937917081,27,0.779053073217869,0.927853483119433,1.00394744294992,0,,,,-0.494524886506184,0.921218178933985,3.32071202656516,,2.82618714005897,,94.8937839852345,,-0.385416977388161,-0.42960092562345
11,Indonesia,2041-2050,inj_suicide,ssp245,ssp585,27,142.599145734422,-56.7716427412704,85.8275029931512,2246.27041568959,170.227079542867,-49.3014897480314,120.925589794836,3164.33732192348,27,1.07919556959831,1.1836798785876,1.34698380384649,27,1.17333328803519,1.45160066312851,1.80407062938875,27.6279338084456,1.19374543701615,7.47015299323901,,35.0980868016845,1.40893752675626,918.066906233885,1.40870720631917,1.66146212765622,1.40770104848508
11,Indonesia,2041-2050,inj_trans_other,ssp245,ssp585,27,53.5120748829474,-20.83152596623,32.6805489167174,936.113069125079,64.5760219111096,-17.7939513291615,46.7820705819482,1342.09020938144,27,1.09475727250903,1.20271504616252,1.37365122098317,27,1.18057432921267,1.48017518561493,1.85495487365664,11.0639470281623,1.20675608360101,3.03757463706851,,14.1015216652308,1.4314958632172,405.977140256365,1.43368387179532,1.63742888833712,1.38035835327108
11,Indonesia,2041-2050,inj_trans_road,ssp245,ssp585,27,1716.13297803988,-253.22624131362,1462.90673672626,46213.5031470595,2090.06798707484,-224.462179831423,1865.60580724342,58924.9509603192,27,1.10535143788542,1.21370144754339,1.39596788910159,27,1.13520685504094,1.26465161030829,1.52156182133351,373.935009034961,1.2178939591628,28.7640614821965,,402.699070517158,1.27527323540688,12711.4478132597,1.27505916988828,1.17309800751912,1.12031597401762
11,Indonesia,2041-2050,lri,ssp245,ssp585,27,-655.565067475227,-96.5636446605031,-752.12871213573,-10358.5933617301,-747.612550542042,-95.760813992038,-843.373364534079,-11615.5933667698,0,,,,0,,,,-92.0474830668141,,0.802830668465077,,-91.2446523983491,,-1257.00000503969,,0.871612872767079,0.886455017411013
11,Indonesia,2041-2050,resp_copd,ssp245,ssp585,27,1728.40919237235,1119.12538361092,2847.53457598327,32018.0811024274,2254.96312289816,946.560878005615,3201.52400090378,35991.8039721226,27,1.16513188357647,1.30897453039,1.56062376168365,27,1.0449025405907,1.11699611596271,1.25917872425384,526.553930525814,1.30464656913973,-172.564505605301,0.845804135861424,353.989424920513,1.12431435526934,3973.72286969515,1.12410871397892,0.606984444350609,0.704340533527656
14,Maldives,2022-2030,ckd,ssp245,ssp585,27,0.756270685484171,0.0583454370616826,0.814616122545854,16.4204455659433,0.77613933854281,0.0562605570376718,0.832399895580482,16.7696070927367,27,0.789489894313973,1.03822895610087,1.28196446229391,27,0.804643794340901,1.03115948921806,1.22758953048332,0.0198686530586383,1.02627188047877,-0.00208488002401083,0.96426661399748,0.0177837730346279,1.0218308630807,0.349161526793399,1.02126382779269,0.928376771037455,0.932411624104736
14,Maldives,2022-2030,cvd_cmp,ssp245,ssp585,27,-0.234764152822995,0.0158651584442723,-0.218898994378723,-4.1675199938269,-0.239184298352318,0.0153995041318527,-0.223784794220466,-4.2568248031236,0,,,,0,,,,-0.00442014552932332,,-0.000465654312419539,0.970649249167275,-0.00488579984174281,,-0.0893048092967002,,1.07247707322412,1.06881389857383
14,Maldives,2022-2030,cvd_htn,ssp245,ssp585,27,0.00438510305836852,0.0129970933667465,0.017382196425115,0.2942870179284,0.00639737744078814,0.0122695804196034,0.0186669578603915,0.317939319101186,12,0.0604997947291412,1.026162868843,18.8858645830479,15,0.20921287138583,1.22231496788651,4.08902068387042,0.00201227438241963,1.45888873206284,-0.000727512947143077,0.944024950301239,0.00128476143527656,1.07391249091054,0.0236523011727858,1.0803715411549,0.252275543960177,0.342711302432542
14,Maldives,2022-2030,cvd_ihd,ssp245,ssp585,27,0.985538562785976,0.223688206057842,1.20922676884382,21.4475523458078,1.01514042819648,0.215728487069942,1.23086891526642,21.8367182718513,27,0.647798590484543,1.04091920182866,1.62048587466836,27,0.685261158728835,1.03427678010949,1.45761362051109,0.0296018654105019,1.03003623250096,-0.00795971898790024,0.964416009551071,0.021642146422602,1.01789750854035,0.389165926043532,1.01814500413702,0.815015502616008,0.824734799624664
14,Maldives,2022-2030,cvd_stroke,ssp245,ssp585,27,2.14185731904521,0.0188721034615773,2.16072942250678,36.4101454337986,2.1833422157564,0.0170207373665118,2.20036295312291,37.093925582324,27,0.801761844870143,1.03150469494186,1.26888850523289,27,0.804661885509407,1.02444653318112,1.26048782387777,0.0414848967111947,1.01936865557865,-0.00185136609506549,0.901899324638889,0.0396335306161291,1.01834266253021,0.683780148525358,1.01877993455886,0.991265864543242,0.992264577376949
14,Maldives,2022-2030,diabetes,ssp245,ssp585,27,1.10546144956753,-0.0354371040902409,1.07002434547729,20.5258189795696,1.12720711458358,-0.0349236161616301,1.09228349842195,20.9565269660332,27,0.816928936307552,1.03287937697046,1.25878555409992,27,0.788281274823854,1.0414925993536,1.29321884890409,0.0217456650160495,1.01967112016847,0.000513487928610737,,0.0222591529446607,1.0208024733631,0.43070798646351,1.02098371747759,1.03311803534193,1.03197303283633
14,Maldives,2022-2030,inj_animal,ssp245,ssp585,27,0.00595293210977211,-0.000108523406849791,0.00584440870292232,0.22653547869053,0.00583804901593057,-8.9723882839626e-05,0.00574832513309095,0.223136639035189,27,0.0534106838611354,1.0221303944623,7.53131515074895,27,0.0599423463236772,1.022183550557,7.03005651374553,-0.000114883093841538,0.980701427175198,1.87995240101653e-05,,-9.60835698313733e-05,0.983559744926235,-0.00339883965534155,0.984996435547366,1.01856875731424,1.01560870005823
14,Maldives,2022-2030,inj_disaster,ssp245,ssp585,27,0.161386981405951,0.0452757702446839,0.206662751650634,9.52368748467083,0.159376269590202,0.0468765849280487,0.206252854518251,9.51201819124761,27,0.660366579766816,0.993598162630722,1.42550534156182,27,0.595882440737855,0.965883634365703,1.50416346963212,-0.0020107118157483,0.987541053198767,0.00160081468336486,1.03535698398312,-0.000409897132383458,0.998016589205798,-0.0116692934232265,0.998774708489542,0.780919542186184,0.772722733765119
14,Maldives,2022-2030,inj_drowning,ssp245,ssp585,27,0.290123605682948,-0.0126465646637814,0.277477041019166,13.1301627650815,0.289572524405125,-0.0120162395829454,0.27755628482218,13.1363940901354,27,0.452330690548396,1.01634896982547,1.76955706137637,27,0.405797597102506,1.02470422269996,1.84825502856746,-0.000551081277822607,0.998100529336365,0.000630325080836011,,7.92438030133291e-05,1.00028558688215,0.00623132505382174,1.00047458094506,1.0455769768098,1.04329298322552
14,Maldives,2022-2030,inj_homicide,ssp245,ssp585,27,0.24769795449541,-0.0182109450824208,0.229487009412989,10.6499175805258,0.251016742058029,-0.0178179748702483,0.23319876718778,10.8184194080833,27,0.84899553487972,1.0230051710106,1.19874315410474,27,0.77775276275391,1.03766701059197,1.27343306690613,0.00331878756261886,1.0133985263196,0.000392970212172519,,0.0037117577747913,1.01617415201098,0.168501827557488,1.01582189029008,1.07935501503551,1.07640681417454
14,Maldives,2022-2030,inj_mech,ssp245,ssp585,27,0.0428379317587877,-0.00331545805415111,0.0395224737046366,1.74033632330773,0.0435096377745346,-0.0032485560139024,0.0402610817606322,1.77162922440416,27,0.877555738089156,1.02238255893352,1.18343230290892,27,0.816022793871481,1.03686376000164,1.25447877724162,0.000671706015746967,1.01568016914377,6.69020402487091e-05,,0.000738608055995682,1.01868830533017,0.0312929010964302,1.01798095039294,1.08388791852779,1.08068725110806
14,Maldives,2022-2030,inj_othunintent,ssp245,ssp585,27,0.0146348825255083,-0.000184887731375409,0.0144499947941329,0.655166436706322,0.0144256779231852,-0.000144140152265523,0.0142815377709197,0.648349913042482,27,0.0436338067575136,1.02331866292075,10.2864823088559,27,0.0604346161862258,1.02918602349307,8.85241948677109,-0.000209204602323073,0.985705071293983,4.07475791098869e-05,,-0.000168457023213177,0.988342070318145,-0.00681652366384011,0.989595737385284,1.01279500332073,1.01009276133828
14,Maldives,2022-2030,inj_suicide,ssp245,ssp585,27,0.263221000480776,-0.0175735089255253,0.24564749155525,10.2831430578517,0.266230940862832,-0.017070332433127,0.249160608429704,10.4253061422102,27,0.775083870526129,1.02428837956138,1.23249369902817,27,0.708745448331376,1.02994369413358,1.30820669018515,0.00300994038205582,1.01143503131041,0.000503176492398304,,0.00351311687445408,1.01430145633571,0.14216308435847,1.01382486692626,1.07153954153679,1.06851136116865
14,Maldives,2022-2030,inj_trans_other,ssp245,ssp585,27,0.0241113995065868,-0.00170196066468507,0.0224094388419018,0.963779157831635,0.0244648251852653,-0.0016568781081454,0.0228079470771199,0.980389191170099,27,0.840043613273327,1.02447618895605,1.20272484903872,27,0.773697278289722,1.03668856396583,1.27532162817977,0.00035342567867842,1.01465803254522,4.50825565396684e-05,,0.000398508235218097,1.01778305284793,0.0166100333384641,1.01723427322898,1.07594838392395,1.07264477169046
14,Maldives,2022-2030,inj_trans_road,ssp245,ssp585,27,0.484294573788272,-0.0367654269007381,0.447529146887533,19.6461355710988,0.492428994843801,-0.0359550904588837,0.456473904384917,20.026089756336,27,0.876587981794109,1.0264237356505,1.18225582597165,27,0.826575913132379,1.03539142039604,1.25208405895825,0.00813442105552942,1.01679643236946,0.000810336441854395,,0.00894475749738372,1.01998698310399,0.379954185237192,1.01933989429433,1.08215202776497,1.07876702285387
14,Maldives,2022-2030,lri,ssp245,ssp585,27,-0.42706913815359,0.0250932657299985,-0.401975872423592,-8.66759803394023,-0.439639956027452,0.0244892151639407,-0.415150740863511,-8.93058958545085,0,,,,0,,,,-0.0125708178738613,,-0.000604050566057762,0.975927781877525,-0.0131748684399191,,-0.26299155151062,,1.0624248056947,1.05898873048619
14,Maldives,2022-2030,resp_copd,ssp245,ssp585,27,0.643464947022228,0.0323064681290052,0.675771415151233,9.04816428382766,0.660492538963693,0.0308369639936696,0.691329502957362,9.26505896641973,27,0.797201979052765,1.04132264827235,1.27352999769092,27,0.806727784566768,1.02694758609502,1.23978449655284,0.0170275919414649,1.02646234580495,-0.00146950413533558,0.954513624656598,0.0155580878061291,1.02302270776376,0.216894682592068,1.0239711256105,0.952193201125894,0.955394694047114
14,Maldives,2031-2040,ckd,ssp245,ssp585,27,1.68599024628698,0.105359627389741,1.79134987367672,34.0104293817786,1.91504910865775,0.10021443304539,2.01526354170314,38.1902423929879,27,0.792536613908629,1.130377591964,1.5212371787368,27,0.814641514163381,1.12510617877631,1.47965424340115,0.229058862370774,1.1358601349416,-0.00514519434435097,0.95116540868811,0.223913668026423,1.12499717186283,4.17981301120928,1.12289797827277,0.941184227080391,0.950272293934968
14,Maldives,2031-2040,cvd_cmp,ssp245,ssp585,27,-0.383200624351965,0.0234198139185004,-0.359780810433465,-6.34417365843095,-0.41591947504154,0.0224791679584647,-0.393440307083075,-6.92472375740853,0,,,,0,,,,-0.0327188506895745,,-0.000940645960035669,0.95983546396615,-0.0336594966496105,,-0.58055009897758,,1.06509467219857,1.05713488819974
14,Maldives,2031-2040,cvd_htn,ssp245,ssp585,27,0.0782877111364308,0.0204723529697135,0.0987600641061442,1.66684759929476,0.118830212176365,0.0194822955178811,0.138312507694246,2.33232732647419,25,0.601458644067875,1.50053476306499,4.590656415861,26,0.673958748632801,1.34135239311244,5.63257024729143,0.0405425010399338,1.51786545361227,-0.000990057451832383,0.951639293573286,0.0395524435881014,1.40049025834564,0.665479727179426,1.39924449449427,0.792706159569617,0.859142923205841
14,Maldives,2031-2040,cvd_ihd,ssp245,ssp585,27,1.95444598497018,0.276932984880787,2.23137896985097,39.1005864424933,2.38768847033911,0.266584004293865,2.65427247463297,46.4418727356717,27,0.653892672959378,1.21112663983719,1.85221606239929,27,0.708914018387933,1.15987531916623,1.76350701423498,0.433242485368926,1.22167022711325,-0.0103489805869214,0.962630018264612,0.422893504782004,1.18952114835529,7.34128629317841,1.18775386665813,0.875891550192712,0.899564190624126
14,Maldives,2031-2040,cvd_stroke,ssp245,ssp585,27,3.50626654748237,0.0154184610357873,3.52168500851816,59.5836131368671,3.91266684045898,0.0146239852859014,3.92729082574488,66.393608762645,27,0.788767901290107,1.12026258157388,1.45762178971537,27,0.79138352385893,1.12052842816241,1.46082408048546,0.406400292976606,1.11590684492268,-0.00079447574988592,0.948472435216337,0.405605817226719,1.11517379216076,6.80999562577788,1.11429309615942,0.99562185118814,0.996276317203189
14,Maldives,2031-2040,diabetes,ssp245,ssp585,27,1.90458285326989,-0.0574753395622852,1.8471075137076,34.9222448610508,2.09742458657413,-0.0555156413631642,2.04190894521096,38.5571393632873,27,0.804262328948694,1.11785874486559,1.41318028400122,27,0.794160727502268,1.12510027144145,1.43825991238043,0.192841733304241,1.10125142782482,0.00195969819912106,,0.194801431503361,1.1054629630694,3.63489450223653,1.10408536211515,1.0311164017989,1.02718810821284
14,Maldives,2031-2040,inj_animal,ssp245,ssp585,27,0.00402170103966958,-9.79839328758892e-05,0.0039237171067937,0.135356196980072,0.00253699954706044,-7.48049723807296e-05,0.00246219457467971,0.0860674690921738,27,0.101049503993113,0.929031045838471,1.4927530152375,27,0.0967287873767036,0.92094767217148,1.51069078525915,-0.00148470149260914,0.630827483702985,2.31789604951597e-05,,-0.00146152253211398,0.627515824322951,-0.0492887278878982,0.635859096313449,1.02497222154631,1.03038142198427
14,Maldives,2031-2040,inj_disaster,ssp245,ssp585,27,0.125160736502439,0.0354981488275265,0.160658885329966,6.95608340045342,0.11518445583109,0.0374727807281101,0.1526572365592,6.62092720374731,27,0.638664852575351,0.968070156189917,1.63565550902447,27,0.701246492447328,0.942338117816937,1.31152216716619,-0.00997628067134958,0.920292250188579,0.00197463190058363,1.0556263344936,-0.00800164877076598,0.950194794677357,-0.335156196706113,0.951818260735018,0.779046463850291,0.754529941896477
14,Maldives,2031-2040,inj_drowning,ssp245,ssp585,27,0.214810943029392,-0.0104965732794561,0.204314369749936,8.6249918674476,0.196686606875924,-0.00986066975548132,0.186825937120442,7.85442429885161,27,0.571318943423999,0.978401180194114,1.32824764752862,27,0.552617520641333,0.992056519513841,1.36461072568267,-0.0181243361534685,0.915626569587804,0.000635903523974801,,-0.0174884326294938,0.914404294465934,-0.77056756859599,0.910658748386273,1.0513746208468,1.05277998284106
14,Maldives,2031-2040,inj_homicide,ssp245,ssp585,27,0.232761596670939,-0.0156139734891322,0.217147623181807,9.73907821578955,0.248335446130247,-0.0152920674813818,0.233043378648866,10.445363637056,27,0.83711150711754,1.08897850214017,1.26392058113148,27,0.810702592798909,1.09523993017381,1.31511694764882,0.015573849459308,1.06690901627267,0.000321906007750381,,0.0158957554670585,1.073202530307,0.706285421266459,1.07252076691626,1.07190487862747,1.06561897433019
14,Maldives,2031-2040,inj_mech,ssp245,ssp585,27,0.0476101882209087,-0.00324417187897952,0.0443660163419291,1.80741420671499,0.0513902937405058,-0.00315807493515583,0.0482322188053499,1.96185198528942,27,0.838466162847686,1.08874018777004,1.30643513523958,27,0.812869483835335,1.0952920515704,1.34238407033588,0.00378010551959711,1.07939698751153,8.60969438236893e-05,,0.00386620246342081,1.0871433313648,0.154437778574432,1.08544681014493,1.07312290231281,1.06547645978927
14,Maldives,2031-2040,inj_othunintent,ssp245,ssp585,27,0.00585314632750826,2.44908432826586e-05,0.00587763717079092,0.252143044172287,0.00353942867744896,5.34393048447013e-05,0.00359286798229365,0.154348376598411,27,0.050939461456014,0.873608139135125,1.6231291001544,27,0.0690509347284362,0.825234349008214,1.60416325885445,-0.00231371765005931,0.604705312220637,2.89484615620427e-05,2.18201162891522,-0.00228476918849727,0.611277606611805,-0.097794667573876,0.612146082019007,0.995833216210696,0.985126282093286
14,Maldives,2031-2040,inj_suicide,ssp245,ssp585,27,0.284305076075442,-0.0179744694123376,0.266330606663105,10.2655867791903,0.297828958439149,-0.0173668877352655,0.280462070703883,10.7901947007845,27,0.839145738052298,1.07808561306412,1.22285185256445,27,0.814565891696983,1.09206946249997,1.27548304202261,0.0135238823637064,1.04756820578229,0.000607581677072196,,0.0141314640407786,1.05305985751256,0.524607921594251,1.05110354944909,1.0674893120154,1.06192241143938
14,Maldives,2031-2040,inj_trans_other,ssp245,ssp585,27,0.0288075989308905,-0.00189667864909771,0.0269109202817928,1.06418473717828,0.0307604888526469,-0.00184062343749494,0.028919865415152,1.14204037025464,27,0.840980732509928,1.09205994865476,1.27780646617621,27,0.816240985584942,1.09332646779748,1.31167875949427,0.0019528899217564,1.06779079111874,5.605521160277e-05,,0.00200894513335918,1.0746516697431,0.0778556330763649,1.07315988508048,1.07047988806169,1.06364564326536
14,Maldives,2031-2040,inj_trans_road,ssp245,ssp585,27,0.575431002457662,-0.0384578491314616,0.5369731533262,21.894492889803,0.623503014959897,-0.0374474245592232,0.586055590400673,23.8552084726699,27,0.839638949564606,1.09552975598396,1.32063618930699,27,0.814858712495025,1.10066638598895,1.35688938877789,0.048072012502235,1.08354088030871,0.00101042457223838,,0.0490824370744732,1.09140575608006,1.96071558286687,1.08955291144377,1.07161968693079,1.06389739330636
14,Maldives,2031-2040,lri,ssp245,ssp585,27,-0.748138497803307,0.039658249472571,-0.708480248330736,-12.8979848072158,-0.844250010536703,0.0385206995044518,-0.805729311032251,-14.6252698002196,0,,,,0,,,,-0.0961115127333955,,-0.00113754996811922,0.971316183057803,-0.0972490627015147,,-1.72728499300386,,1.0559765068483,1.04780848726367
14,Maldives,2031-2040,resp_copd,ssp245,ssp585,27,1.38953625686302,0.0556029729041173,1.44513922976714,20.2335060870157,1.58347307783422,0.0523873169225669,1.63586039475678,22.9050239449656,27,0.79364292735465,1.12713093133217,1.53382341313745,27,0.807745019793043,1.12713297133119,1.50940658684231,0.193936820971197,1.13956945708565,-0.00321565598155042,0.942167553035419,0.190721164989646,1.13197424930495,2.67151785794988,1.13203435165714,0.961524141232346,0.9679756798988
14,Maldives,2041-2050,ckd,ssp245,ssp585,27,4.43168496226209,0.191555813226397,4.62324077548849,79.7150502144365,6.01683708546708,0.0980077156150582,6.11484480108214,105.380408054925,27,1.09726298977551,1.34590941769098,1.61421873688319,27,1.08117851657774,1.28695722597141,1.61278943416892,1.58515212320498,1.35768610284876,-0.093548097611339,0.511640518574209,1.49160402559364,1.32263169885112,25.6653578404883,1.32196376683509,0.958566766792249,0.983972166293131
14,Maldives,2041-2050,cvd_cmp,ssp245,ssp585,27,-0.795270596198907,0.0364540890061511,-0.758816507192756,-12.0749623164676,-1.00658307283148,0.0198795645262582,-0.986703508305218,-15.6981041459086,0,,,,0,,,,-0.21131247663257,,-0.0165745244798929,0.545331540802015,-0.227887001112462,,-3.62314182944093,,1.04804071690666,1.02014745499426
14,Maldives,2041-2050,cvd_htn,ssp245,ssp585,27,0.319434134917531,0.0309717199076393,0.350405854825171,5.72416269631497,0.549444879928793,0.0148754248491151,0.564320304777908,9.21373514870783,27,1.13991343763241,1.88186597646958,2.48581614663002,27,1.10316794590733,1.64913986122236,2.14210001546771,0.230010745011262,1.72005687516972,-0.0160962950585242,0.480290564859655,0.213914449952738,1.61047624349618,3.48957245239286,1.60962146562314,0.911611865266657,0.973640103460446
14,Maldives,2041-2050,cvd_ihd,ssp245,ssp585,27,4.31099400507589,0.325528092130602,4.63652209720649,75.9279361745671,6.92569986035525,0.158147684778998,7.08384754513425,115.912871522967,27,1.15167662390618,1.65043976850132,2.30587939818031,27,1.11863254005,1.55693736356298,1.9927711118988,2.61470585527936,1.60652041088453,-0.167380407351605,0.4858188543542,2.44732544792776,1.52783646807211,39.9849353483998,1.52661691286419,0.929790458169771,0.977674888713885
14,Maldives,2041-2050,cvd_stroke,ssp245,ssp585,27,6.70946446588098,0.0049670602000605,6.71443152608105,108.248080331359,9.21756116642861,-0.00382675459828447,9.21373441183033,148.445434732234,27,1.1125036130118,1.35760383864391,1.66213978230583,27,1.11115983373514,1.34893762412195,1.6509974095286,2.50809670054763,1.37381473786795,-0.00879381479834498,,2.49930288574928,1.37222851644866,40.1973544008751,1.37134473219134,0.999260241141671,1.0004153315504
14,Maldives,2041-2050,diabetes,ssp245,ssp585,27,3.80039409940721,-0.0864807462186609,3.71391335318855,65.0087818419654,5.05840876653723,-0.0498570692448458,5.00855169729238,87.6067903973942,27,1.10520431019756,1.32082212077197,1.58682175371179,27,1.11387158116455,1.34453806247126,1.63855771142878,1.25801466713002,1.33102216091911,0.0366236769738151,,1.29463834410383,1.34859142392009,22.5980085554288,1.347614705508,1.02328561223552,1.00995438846559
14,Maldives,2041-2050,inj_animal,ssp245,ssp585,27,0.00217581232775028,-1.43502318711466e-05,0.00216146209587913,0.0726335364268606,0.00152819267287534,-5.04664882186585e-06,0.00152314602405347,0.0553936955733793,27,0.16696594775691,1.07501288884556,1.14109464901726,27,0.168481603930489,1.07399621795753,1.13073465151623,-0.000647619654874942,0.702355002490238,9.30358304928077e-06,,-0.000638316071825662,0.704683198913077,-0.0172398408534813,0.762646269181163,1.00663913186287,1.00331330597472
14,Maldives,2041-2050,inj_disaster,ssp245,ssp585,27,0.153912871892905,0.0153582736375359,0.169271145530441,6.64819249020248,0.166781765709075,0.0111912332454389,0.177972998954513,6.97303380081284,27,0.831647876008905,1.10351988641241,1.2133041507892,27,0.879280968972639,1.06948696153698,1.13455707092801,0.0128688938161693,1.08361155020955,-0.00416704039209707,0.728677812985911,0.00870185342407223,1.05140777772138,0.324841310610362,1.04886159825984,0.909268212314579,0.937118364520569
14,Maldives,2041-2050,inj_drowning,ssp245,ssp585,27,0.201125598464801,-0.00961495278024031,0.191510645684561,6.88065295117136,0.236155728229501,-0.00520356856005014,0.230952159669451,8.2632976457027,27,0.669474890369712,1.21577443997605,1.43536594747103,27,0.659258160013203,1.2499334541673,1.54864887304147,0.0350301297647002,1.17417041904206,0.00441138422019017,,0.0394415139848904,1.20594945959221,1.38264469453134,1.2009467276352,1.05020583971127,1.02253093700227
14,Maldives,2041-2050,inj_homicide,ssp245,ssp585,27,0.251496887516691,-0.0131000688806812,0.23839681863601,10.3015031892608,0.314587791667637,-0.00726922424528007,0.307318567422357,13.2761912680514,27,1.10660205744895,1.24502639248933,1.45071158944204,27,1.12226325692893,1.2994489745295,1.57701529810827,0.0630909041509455,1.25086157039124,0.00583084463540114,,0.0689217487863467,1.28910515325114,2.97468807879063,1.2887625256372,1.05495068665611,1.02365370991493
14,Maldives,2041-2050,inj_mech,ssp245,ssp585,27,0.0614816916599191,-0.00321027576156123,0.0582714158983579,2.15817657072261,0.0771745392706785,-0.00175275179974454,0.075421787470934,2.79128315491112,27,1.10209710128679,1.24516634490449,1.4495199972166,27,1.12626783660276,1.30215284131552,1.57323871199391,0.0156928476107594,1.25524423917226,0.0014575239618167,,0.0171503715725761,1.29431877204582,0.633106584188504,1.29335254250143,1.05509177547978,1.02323932988753
14,Maldives,2041-2050,inj_othunintent,ssp245,ssp585,27,0.00108853947521547,9.02350255634228e-05,0.00117877450077889,0.043899425514235,0.000219470850827847,5.82005256530452e-05,0.000277671376480892,0.00692817279810051,22,0.0429416711170318,0.559284315770294,0.909421178842021,23,0.0309703399998634,0.487306580257295,0.792269635934138,-0.000869068624387619,0.201619560727832,-3.20344999103776e-05,0.64498818823006,-0.000901103124297996,0.235559368053362,-0.0369712527161345,0.15781921328,0.923450137830604,0.790397820651672
14,Maldives,2041-2050,inj_suicide,ssp245,ssp585,27,0.379907017129375,-0.0191155265179692,0.360791490611406,12.3630522762806,0.47300668684904,-0.0103738382855121,0.462632848563528,15.8351467115446,27,1.04773229941988,1.22754039934111,1.44957465910618,27,1.05420966241574,1.26711608007961,1.56807884811915,0.0930996697196652,1.24505909478361,0.00874168823245709,,0.101841357952122,1.28227206184808,3.47209443526391,1.28084443531193,1.05298219890268,1.02242347969394
14,Maldives,2041-2050,inj_trans_other,ssp245,ssp585,27,0.0408638720257037,-0.00216482737895213,0.0386990446467516,1.36227791088776,0.0511080443789626,-0.00119071160716333,0.0499173327717993,1.75736276134509,27,1.09890868726212,1.24452787079882,1.44635137357256,27,1.12239003094048,1.3012728231904,1.56915348632286,0.0102441723532589,1.25069020250492,0.000974115771788795,,0.0112182881250477,1.28988540227412,0.395084850457335,1.29001780569126,1.05594007290652,1.02385367047969
14,Maldives,2041-2050,inj_trans_road,ssp245,ssp585,27,0.806671509880652,-0.0401984581326557,0.766473051747997,28.2293860239663,1.01282906590412,-0.0218506815423208,0.990978384361798,36.4781691399695,27,1.0997326826157,1.24984916119547,1.44624275271512,27,1.12254106213279,1.29784986079897,1.56263355221063,0.206157556023467,1.25556568379856,0.0183477765903349,,0.224505332613801,1.29290701362794,8.24878311600317,1.29220554456976,1.05244601625717,1.0220496046
14,Maldives,2041-2050,lri,ssp245,ssp585,27,-1.60050769585436,0.061566482466861,-1.5389412133875,-24.2353078162486,-2.00371698018047,0.0365381248399623,-1.96717885534051,-30.9804912902846,0,,,,0,,,,-0.403209284326108,,-0.0250283576268986,0.593474296012112,-0.428237641953007,,-6.745183474036,,1.04000574026563,1.01857387026135
14,Maldives,2041-2050,resp_copd,ssp245,ssp585,27,3.67893242931468,0.104935545852566,3.78386797516725,52.8943325586187,4.98666372207468,0.0548865435448913,5.04155026561957,70.4810749783106,27,1.09755319508527,1.3440016724954,1.60845488601273,27,1.08749326883305,1.31423416268849,1.59560240974486,1.30773129276,1.35546488495947,-0.0500490023076749,0.523050059910171,1.25768229045232,1.33238006682745,17.5867424196919,1.33248821885033,0.972267651371232,0.98911316149733
81,Germany,2022-2030,ckd,ssp245,ssp585,27,19.6230320387228,4447.53144088592,4467.15447292464,47047.0185461683,20.6742068461673,4454.87236552684,4475.546572373,47138.8637234655,27,0.116807942379405,1.09614110247718,4.14764478946328,27,0.979799396177804,0.999442608126837,1.04258657325237,1.05117480744453,1.05356841926213,7.34092464091737,1.0016505616067,8.39209944836239,1.00187862306961,91.8451772971748,1.00195219973838,0.00439273639576552,0.00461937028513716
81,Germany,2022-2030,cvd_cmp,ssp245,ssp585,27,13.3465499064787,991.641813814833,1004.98836372131,13927.3072107181,13.4607829364648,992.961371676742,1006.42215461321,13947.497122274,27,0.377210292172585,1.0316040883099,1.76359012077555,27,0.972949551003474,1.00317708089382,1.03689418432312,0.114233029986087,1.00855899320697,1.31955786190895,1.00133067993254,1.43379089189557,1.00142667412246,20.1899115558917,1.0014496636895,0.0132803029251588,0.0133748873420201
81,Germany,2022-2030,cvd_htn,ssp245,ssp585,27,14.1739573074652,3925.73307270419,3939.90703001166,40963.290237305,15.4610232662629,3920.53011040345,3935.99113366971,40928.0048342398,27,0.113601300122732,1.23393576668541,9.31066701044088,27,0.981556526282974,0.996773102684778,1.04718340222711,1.28706595879761,1.0908049834551,-5.20296230074382,0.998674652044756,-3.91589634194543,0.999006094227068,-35.2854030652161,0.999138609158083,0.00359753598232071,0.00392811435320684
81,Germany,2022-2030,cvd_ihd,ssp245,ssp585,27,373.740157121355,10274.7384838759,10648.4786409972,126075.978278373,371.725719049424,10203.1789730791,10574.9046921285,125217.120220257,27,0.548113227404419,0.991935671087154,1.31122981931661,27,0.945271552576977,0.989979183955354,1.0480322802702,-2.01443807193112,0.994610057192016,-71.5595107967747,0.993035393464362,-73.5739488687068,0.993090660990252,-858.858058115249,0.993187773992767,0.0350979862684266,0.0351516850384589
81,Germany,2022-2030,cvd_stroke,ssp245,ssp585,27,69.6585300667435,5376.24589333166,5445.9044233984,64655.7834748167,69.8039312761967,5383.78721651115,5453.59114778735,64752.7145039089,27,0.458026382167278,1.01968185842523,1.46340245338882,27,0.972647326781368,1.00173512700715,1.04031633042727,0.145401209453169,1.0020873424879,7.54132317949552,1.00140271173029,7.68672438894919,1.00141146883811,96.9310290921057,1.0014991857477,0.0127909938645737,0.0127996267751971
81,Germany,2022-2030,diabetes,ssp245,ssp585,27,33.205525241601,1751.83910616514,1785.04463140674,22270.276919417,33.1494165720787,1752.99046854362,1786.1398851157,22284.3695575624,27,0.38943905567645,0.998478150205163,1.61395699969463,27,0.975480084015176,0.997083582749467,1.05359967116021,-0.0561086695222244,0.998310261044992,1.15136237847469,1.00065723066372,1.09525370895176,1.00061357217051,14.0926381453246,1.00063280031031,0.0186020700308387,0.0185592499491895
81,Germany,2022-2030,inj_animal,ssp245,ssp585,27,0.312114759404564,-7.43316614291347,-7.12105138350891,-155.956477889206,0.312199654566165,-7.4196450779016,-7.10744542333543,-155.644395644472,27,0.574726432925645,0.990197645782569,1.29692428808099,0,,,,8.48951616008731e-05,1.00027199983033,0.0135210650118713,,0.0136059601734715,,0.312082244734398,,-0.0438298704215737,-0.0439257195758604
81,Germany,2022-2030,inj_disaster,ssp245,ssp585,27,0.0463942670405728,-1.07985164523775,-1.03345737819717,-34.1565607559925,0.0460765742967784,-1.07600500994855,-1.02992843565177,-34.0398978291808,27,0.580332417745016,0.992307162282227,1.29807468117445,0,,,,-0.000317692743794465,0.993152327559855,0.00384663528919682,,0.0035289425454017,,0.116662926811699,,-0.0448922887574772,-0.0447376465216437
81,Germany,2022-2030,inj_drowning,ssp245,ssp585,27,3.18892177291128,-76.8854104320757,-73.6964886591645,-2174.09947859849,3.17126515218054,-76.6660963412609,-73.4948311890804,-2168.0409676981,27,0.564432317525406,0.993690397159696,1.31433431848163,0,,,,-0.0176566207307434,0.994463137703556,0.219314090814834,,0.201657470084072,,6.05851090039414,,-0.043271013733905,-0.0431494990990838
81,Germany,2022-2030,inj_homicide,ssp245,ssp585,27,1.06828298102957,-28.3865032450062,-27.3182202639767,-1001.99801417846,1.0731381795433,-28.8689804200645,-27.7958422405212,-1019.48289271444,27,0.578791306826156,1.013312365863,1.29185587710809,0,,,,0.00485519851372973,1.00454486180155,-0.482477175058246,,-0.477621976544519,,-17.4848785359761,,-0.039105145602705,-0.0386078669700775
81,Germany,2022-2030,inj_mech,ssp245,ssp585,27,1.25156558530378,-32.1619012180359,-30.9103356327321,-826.040111084291,1.25337744934348,-32.441723700179,-31.1883462508355,-833.450532567472,27,0.575049519513564,0.997177682309994,1.29934941772189,0,,,,0.00181186403970735,1.00144767806097,-0.279822482143146,,-0.278010618103405,,-7.41042148318138,,-0.0404901972005263,-0.0401873648337448
81,Germany,2022-2030,inj_othunintent,ssp245,ssp585,27,0.853920992070996,-20.6110633377356,-19.7571423456646,-422.069809086501,0.850838693673318,-20.5886157553432,-19.7377770616699,-421.633988118515,27,0.565515774641365,0.996863416684709,1.3124960361062,0,,,,-0.00308229839767848,0.996390417349733,0.0224475823923207,,0.0193652839946488,,0.435820967985649,,-0.0432208756272072,-0.0431071184467686
81,Germany,2022-2030,inj_suicide,ssp245,ssp585,27,17.2179792314372,-471.42783785676,-454.209858625323,-12195.0956156703,17.3331126334906,-477.249000461552,-459.915887828062,-12347.7910485933,27,0.58300805083987,1.03451052979468,1.29384466927035,0,,,,0.11513340205337,1.00668681269188,-5.82116260479194,,-5.70602920273871,,-152.695432923038,,-0.0379075418652247,-0.0376875709063796
81,Germany,2022-2030,inj_trans_other,ssp245,ssp585,27,1.82975407681553,-46.4442995593032,-44.6145454824876,-1433.24975059372,1.832868239807,-46.7516737688952,-44.9188055290882,-1442.97712155263,27,0.577806342781335,1.00524731867572,1.29450678782774,0,,,,0.00311416299146305,1.00170195712687,-0.307374209592005,,-0.304260046600561,,-9.72737095890398,,-0.0410125006772457,-0.0408040289188029
81,Germany,2022-2030,inj_trans_road,ssp245,ssp585,27,6.97862848982741,-186.478233014201,-179.499604524374,-5456.81263459821,7.04543195810657,-190.78222701693,-183.736795058823,-5585.49319006464,27,0.592872024447366,1.01427242147027,1.30939949687188,0,,,,0.0668034682791534,1.0095725783908,-4.30399400272856,,-4.23719053444947,,-128.68055546643,,-0.0388782388034722,-0.0383452424749815
81,Germany,2022-2030,lri,ssp245,ssp585,27,-2.59824225009731,4899.36655167908,4896.76830942898,56446.5654804964,-0.715753496176572,4909.14624994178,4908.4304964456,56582.7450299454,4,0.869200951206552,1.35575029107735,4.8658782738028,27,0.981694000285676,1.00107908487828,1.03015988528974,1.88248875392074,,9.77969826270237,1.00199611483639,11.6621870166218,1.00238160890605,136.179549449014,1.0024125391561,-0.000530603468637522,-0.000145821255225042
81,Germany,2022-2030,resp_copd,ssp245,ssp585,27,46.9211459608357,5740.17364116692,5787.09478712775,77012.6714664793,48.7229538831485,5730.39792767607,5779.12088155922,76912.5966508397,27,0.364492113077326,1.11775344486144,2.01502959096922,27,0.980618491884992,0.996945551626388,1.04267690012277,1.80180792231278,1.03840076548464,-9.77571349084701,0.998296965544607,-7.97390556853316,0.998622122867891,-100.074815639542,0.998700540914451,0.00810789311161838,0.00843085910153223
81,Germany,2031-2040,ckd,ssp245,ssp585,27,39.8273689642519,5800.83309367755,5840.66046264181,64343.6897534838,50.4666375767548,5805.80576203178,5856.27239960854,64517.1844773974,27,0.541542063567911,1.24499777280791,2.10998425775145,27,0.984803397646872,1.00188376745112,1.0265366792769,10.6392686125029,1.26713460841595,4.9726683542267,1.00085723348249,15.6119369667294,1.00267297458337,173.494723913602,1.00269637511586,0.00681898378085781,0.00861753588855059
81,Germany,2031-2040,cvd_cmp,ssp245,ssp585,27,15.7267698482392,1029.55158023067,1045.27835007891,14691.6125984086,18.5838986505732,1031.4677199099,1050.05161856048,14759.133857351,27,0.708940604729956,1.1850017009304,1.72800972808942,27,0.983152916603271,1.00379133962056,1.0232297621584,2.85712880233399,1.18167295826828,1.91613967922945,1.00186114004973,4.77326848156372,1.00456650468385,67.5212589424591,1.00459590521396,0.0150455329406296,0.0176980810486727
81,Germany,2031-2040,cvd_htn,ssp245,ssp585,27,25.2321509807295,4672.83966003485,4698.07181101558,51362.340194354,31.9436560644779,4703.39641415888,4735.34007022336,51774.0818053712,27,0.587005901085502,1.26769113972459,2.43389378926547,27,0.982301124881474,1.00498150637417,1.04195150071214,6.7115050837484,1.26599020784531,30.556754124028,1.00653922589841,37.2682592077772,1.0079326712547,411.741611017213,1.00801641065145,0.00537074612643587,0.00674579979278471
81,Germany,2031-2040,cvd_ihd,ssp245,ssp585,27,339.485629654417,9262.81984714746,9602.30547680188,116511.137365019,373.883450400275,9394.22749726475,9768.11094766502,118531.401093337,27,0.806147736921987,1.07465238097374,1.54724098565852,27,0.957605372483682,1.01080145483499,1.08426154912629,34.3978207458576,1.10132334844592,131.407650117286,1.01418657085917,165.805470863146,1.01726725641709,2020.26372831778,1.01733966188991,0.0353545958806015,0.0382759217625029
81,Germany,2031-2040,cvd_stroke,ssp245,ssp585,27,64.628275478194,4770.0689382061,4834.69721368429,60102.5440526702,72.5122180219036,4773.97242695443,4846.48464497633,60252.1130822474,27,0.742918281738977,1.09883785322467,1.68601260981316,27,0.96976885891301,1.00250664484786,1.02763273178254,7.88394254370958,1.12198905951575,3.90348874832853,1.0008183296298,11.7874312920403,1.0024380909023,149.569029577193,1.00248856403559,0.0133675952436624,0.0149618173446741
81,Germany,2031-2040,diabetes,ssp245,ssp585,27,37.9385888474924,1779.98871562141,1817.9273044689,22838.1616046871,44.4501299653155,1785.75195308728,1830.2020830526,22991.8800224641,27,0.687499797604685,1.14184191836624,1.75752672959407,27,0.978104974652998,1.00457007833779,1.03971659493563,6.51154111782303,1.1716337195355,5.76323746587491,1.00323779438336,12.2747785836971,1.00675207339343,153.718417776956,1.00673077020987,0.020869145182115,0.0242870065425655
81,Germany,2031-2040,inj_animal,ssp245,ssp585,27,0.353369868017471,-8.61284925654035,-8.25947938852288,-179.813233271744,0.385932234520035,-8.67389839858078,-8.28796616406075,-180.445581176539,27,0.843652439999297,1.07256229630793,1.42447047890589,0,,,,0.0325623665025635,1.09214811292556,-0.0610491420404369,,-0.0284867755378766,,-0.63234790479504,,-0.0427835522549404,-0.0465653728406324
81,Germany,2031-2040,inj_disaster,ssp245,ssp585,27,0.0423672177519011,-1.01853860454447,-0.976171386792569,-32.4461857401043,0.0462988601971246,-1.02641650183199,-0.980117641634865,-32.5765943076427,27,0.825607097432258,1.07132884649018,1.48352243214733,0,,,,0.00393164244522345,1.09279916534163,-0.00787789728751864,,-0.00394625484229627,,-0.130408567538439,,-0.0434014132406689,-0.0472380643204184
81,Germany,2031-2040,inj_drowning,ssp245,ssp585,27,2.94065626858219,-72.3098571534276,-69.3692008848453,-1953.93807119406,3.21154348169281,-72.7992430059566,-69.5876995242638,-1959.98941612899,27,0.829555425577569,1.06859947457324,1.46561253865325,0,,,,0.270887213110621,1.09211794523718,-0.48938585252904,,-0.21849863941847,,-6.05134493493506,,-0.0423913816372737,-0.0461510224313854
81,Germany,2031-2040,inj_homicide,ssp245,ssp585,27,0.881712348842194,-23.9776601751281,-23.0959478262859,-839.951420958219,0.940738098829704,-23.3881829274742,-22.4474448286445,-816.362778706035,27,0.833630330432279,1.05992706653278,1.40466271208679,0,,,,0.0590257499875105,1.06694445196897,0.589477247653917,,0.648502997641423,,23.5886422521841,,-0.0381760625488902,-0.0419084713654918
81,Germany,2031-2040,inj_mech,ssp245,ssp585,27,1.164767565986,-30.3588327483859,-29.1940651823999,-767.015687022747,1.25731229355059,-30.0358803003247,-28.7785680067741,-756.143142798836,27,0.851941730123213,1.06809084425291,1.43642271235487,0,,,,0.0925447275645859,1.07945338646706,0.322952448061177,,0.415497175625763,,10.8725442239111,,-0.0398974092408413,-0.0436891888871828
81,Germany,2031-2040,inj_othunintent,ssp245,ssp585,27,0.723071082219932,-17.9201788313987,-17.1971077491788,-340.915928644868,0.785626910182408,-17.9818877876822,-17.1962608774998,-340.875056637741,27,0.834326718915435,1.06452257739561,1.47097375888265,0,,,,0.0625558279624757,1.08651407793881,-0.061708956283546,,0.000846871678927386,,0.0408720071268931,,-0.0420460866307279,-0.0456859148496839
81,Germany,2031-2040,inj_suicide,ssp245,ssp585,27,16.3429177399677,-459.136152910882,-442.793235170914,-11805.8693891786,17.5632683867326,-451.096204294292,-433.532935907559,-11559.547611199,27,0.831284375140325,1.07167319528826,1.36387409565194,0,,,,1.22035064676487,1.07467152843708,8.03994861658998,,9.26029926335485,,246.321777979689,,-0.0369086888458436,-0.0405119586819064
81,Germany,2031-2040,inj_trans_other,ssp245,ssp585,27,1.75332519724925,-45.521048582747,-43.7677233854978,-1396.22001402326,1.89158232228159,-45.1708622372305,-43.2792799149489,-1380.64434223179,27,0.845225491069442,1.06707619553477,1.4149790647444,0,,,,0.138257125032348,1.07885423950403,0.350186345516491,,0.488443470548852,,15.5756717914685,,-0.0400597760547491,-0.0437064185448296
81,Germany,2031-2040,inj_trans_road,ssp245,ssp585,27,6.75743337840264,-182.144265281371,-175.386831902968,-5311.44277603023,7.18356851726172,-175.107163335137,-167.923594817875,-5085.41763343655,27,0.842315855942381,1.05442923119301,1.38844745973904,0,,,,0.426135138859088,1.06306168555373,7.0371019462342,,7.46323708509331,,226.025142593679,,-0.0385287384753101,-0.0427787918967124
81,Germany,2031-2040,lri,ssp245,ssp585,27,3.02075793243647,5386.25245257075,5389.27321050318,64212.6885296678,6.67364910445042,5388.13474818738,5394.80839729183,64279.0850320168,17,0.310925139355543,1.59569878829756,3.56258786875808,27,0.982418960487513,1.00058379209597,1.01541055770507,3.65289117201394,2.20926312326774,1.88229561663502,1.00034946293981,5.5351867886493,1.00102707481555,66.3965023490528,1.00103400907,0.000560513044050041,0.00123705025516765
81,Germany,2031-2040,resp_copd,ssp245,ssp585,27,60.4616997113736,6389.76611514187,6450.22781485325,87502.5164072672,69.5412446611045,6427.56668976487,6497.10793442597,88139.5639314328,27,0.731324238340465,1.12370044001139,1.80754062520682,27,0.981929271234581,1.00398412304275,1.03873082992776,9.07954494973094,1.15017019027044,37.8005746229974,1.00591579941141,46.8801195727274,1.0072679788867,637.047524165624,1.00728033375864,0.00937357585605667,0.0107034153292466
81,Germany,2041-2050,ckd,ssp245,ssp585,27,85.1841743184484,7874.45373095522,7959.63790527366,90259.526834786,99.2503478639126,7911.63299597614,8010.88334384005,90837.8287676943,27,0.607332429996216,1.04179906149479,3.38313323640181,27,0.978933250199746,1.00658010979999,1.03583620574801,14.0661735454642,1.1651266054758,37.1792650209254,1.00472150402951,51.2454385663887,1.00643816203403,578.301932908231,1.00640710131316,0.0107020162640828,0.0123894386678631
81,Germany,2041-2050,cvd_cmp,ssp245,ssp585,27,20.1277496030446,1060.29929369664,1080.42704329968,15236.3739601215,24.1011165008445,1057.86163763228,1081.96275413312,15258.9577637202,27,0.676201327551201,1.12127567645729,3.06643683706918,27,0.976695733579938,0.998482591268924,1.04504349932783,3.97336689779992,1.19740740898321,-2.43765606436068,0.997700973603536,1.53571083343991,1.00142139244196,22.5838035986362,1.00148222954213,0.0186294389129444,0.0222753661424828
81,Germany,2041-2050,cvd_htn,ssp245,ssp585,27,47.9456144852421,5686.21791565324,5734.16353013848,65042.3010845545,56.2911510555536,5746.80130215981,5803.09245321536,65821.1737254874,27,0.562503735736693,1.07912469792886,3.43535712759179,27,0.969842047478648,1.0095829907006,1.05674219968476,8.3455365703115,1.17406256359234,60.5833865065688,1.01065442573697,68.9289230768836,1.01202074595791,778.87264093291,1.0119748629422,0.00836139643266928,0.00970019890418323
81,Germany,2041-2050,cvd_ihd,ssp245,ssp585,27,323.257196127373,8201.89586291981,8525.15305904718,104551.745662898,348.76844288765,8383.05156428214,8731.82000716979,107085.349963856,27,0.816200244019898,1.03180798165174,2.39047730281966,27,0.960353968672991,1.01616853490874,1.14810437810287,25.5112467602768,1.07891934677991,181.155701362335,1.02208705211454,206.666948122609,1.02424202201312,2533.60430095856,1.02423301767842,0.0379180518975342,0.0399422391438752
81,Germany,2041-2050,cvd_stroke,ssp245,ssp585,27,66.7134307236525,4252.9246697756,4319.63810049926,55167.3135945354,69.8310253701153,4272.86071039352,4342.69173576364,55459.9779688911,27,0.715148899753383,0.988586144986821,2.58246423790222,27,0.975216472814832,1.00548459681035,1.04444442048575,3.11759464646283,1.04673113963179,19.9360406179176,1.00468760727402,23.0536352643794,1.00533693673591,292.664374355722,1.0053050321882,0.0154442175875664,0.0160801248670339
81,Germany,2041-2050,diabetes,ssp245,ssp585,27,47.5412517841482,1818.210876307,1865.75212809115,23302.8232800873,54.4809224475743,1830.3176798823,1884.79860232987,23540.7044428952,27,0.720955945098151,1.08040731940339,3.05991247583311,27,0.970891024600576,1.00706071030221,1.0571598779441,6.93967066342609,1.14597155949815,12.1068035752996,1.00665863554831,19.0464742387253,1.01020846979186,237.881162807953,1.01020825502338,0.0254810116887219,0.0289054344481306
81,Germany,2041-2050,inj_animal,ssp245,ssp585,27,0.434760354864807,-10.1029316344272,-9.6681712795624,-210.359948841707,0.464575016983459,-10.3794006243241,-9.91482560734064,-215.711812536861,27,0.814364469450702,1.01663786228985,2.18273180339229,0,,,,0.0298146621186526,1.06857723291703,-0.276468989896895,,-0.246654327778234,,-5.35186369515347,,-0.0449682098396259,-0.046856599942565
81,Germany,2041-2050,inj_disaster,ssp245,ssp585,27,0.0427979810373722,-0.980351084536724,-0.937553103499351,-31.4027905184362,0.0457928264497645,-1.00411373827868,-0.958320911828915,-32.0977502267988,27,0.814066197800448,1.01541153738123,2.24850257769991,0,,,,0.00299484541239227,1.06997632457889,-0.0237626537419562,,-0.0207678083295643,,-0.694959708362646,,-0.0456485940664393,-0.0477844382654353
81,Germany,2041-2050,inj_drowning,ssp245,ssp585,27,2.91090822626391,-67.7331851173743,-64.8222768911104,-1777.00871088466,3.14321951637905,-69.4822574875894,-66.3390379712103,-1818.68841362679,27,0.824159531741621,1.03169001928204,2.2611028672929,0,,,,0.23231129011514,1.07980715022861,-1.74907237021507,,-1.51676108009993,,-41.6797027421262,,-0.0449059855017699,-0.0473811440820583
81,Germany,2041-2050,inj_homicide,ssp245,ssp585,27,0.790089012088483,-20.1393967458344,-19.3493077337459,-709.077084387437,0.817511613542109,-19.5531718325129,-18.7356602189708,-686.565488159133,27,0.790805254157696,1.02312822752881,1.98464297444875,0,,,,0.0274226014536259,1.03470824303851,0.586224913321502,,0.613647514775124,,22.5115962283041,,-0.0408329343333839,-0.043633990155006
81,Germany,2041-2050,inj_mech,ssp245,ssp585,27,1.18601646040782,-28.9613780853914,-27.7753616249836,-722.097842558623,1.23081846644107,-28.5988211532999,-27.3680026868589,-711.5246148194,27,0.792927204817187,1.01395568224069,2.11796950993642,0,,,,0.0448020060332446,1.0377751975026,0.362556932091515,,0.407358938124762,,10.5732277392229,,-0.042700306711435,-0.0449729006725091
81,Germany,2041-2050,inj_othunintent,ssp245,ssp585,27,0.674117569234396,-15.8294015830067,-15.1552840137723,-283.443512244565,0.719140569317404,-16.0979826390727,-15.3788420697553,-287.631247074051,27,0.810864927331063,1.02429638737431,2.21549687652034,0,,,,0.0450230000830079,1.06678805320879,-0.268581056065996,,-0.223558055982982,,-4.1877348294866,,-0.0444806952229857,-0.0467616850511584
81,Germany,2041-2050,inj_suicide,ssp245,ssp585,27,17.0366071423867,-450.132545614883,-433.095938472497,-11499.0873740196,18.0885473176588,-449.575273388411,-431.486726070752,-11457.8292285721,27,0.804127327099127,1.03792445194143,2.01259379639193,0,,,,1.05194017527218,1.06174587266587,0.557272226472776,,1.60921240174503,,41.2581454475057,,-0.039336797298247,-0.0419214456082545
81,Germany,2041-2050,inj_trans_other,ssp245,ssp585,27,1.83824812258419,-45.1195562746253,-43.2813081520411,-1388.41453715619,1.92161958568784,-44.9713898957652,-43.0497703100774,-1380.97366453564,27,0.799495087474023,1.01137985468298,2.09136491229906,0,,,,0.0833714631036526,1.04535375941875,0.148166378860019,,0.231537841963693,,7.440872620552,,-0.0424721017240673,-0.0446371623320373
81,Germany,2041-2050,inj_trans_road,ssp245,ssp585,27,7.15324962455134,-176.588572609072,-169.435322984521,-5171.212908041,7.35284126925905,-168.039492343857,-160.686651074598,-4904.12890315718,27,0.78746265898572,1.0130450534866,1.90731616526859,0,,,,0.199591644707706,1.02790223397526,8.54908026521477,,8.74867190992239,,267.084004883827,,-0.0422181720939314,-0.0457588805298177
81,Germany,2041-2050,lri,ssp245,ssp585,27,14.6657525758366,6004.16831499775,6018.83406757358,72849.3900413922,17.6970808810642,6002.90757268475,6020.60465356581,72870.2011973617,24,0.10051549707722,1.02912103179606,10.6307413495633,27,0.982344845382941,0.999538477790272,1.02753337161079,3.03132830522754,1.20669435745302,-1.26074231300481,0.999790022156798,1.77058599222346,1.00029417424909,20.8111559694953,1.00028567371611,0.00243664344475756,0.00293941919447954
81,Germany,2041-2050,resp_copd,ssp245,ssp585,27,84.1231236953343,6985.17796767427,7069.3010913696,95829.5322882223,88.8119861280213,7066.27533192942,7155.08731805744,96991.9208868929,27,0.627221323423953,0.99814983589319,2.64233157967162,27,0.972886486752572,1.01010058121251,1.05627002457161,4.68886243268695,1.05573809229515,81.0973642551544,1.01160992098275,85.7862266878401,1.01213503648792,1162.38859867057,1.01212975343733,0.0118997794277053,0.0124124251990447
102,United States of America,2022-2030,ckd,ssp245,ssp585,27,911.537376960898,12441.7467851449,13353.2841621057,191374.242846665,916.673448564076,12443.5281693446,13360.2016179087,191465.645237438,27,0.796580836560267,1.02972738844457,1.1702137913144,27,0.97731551830771,0.999069790412815,1.02212599253992,5.13607160317872,1.00563451563588,1.78138419976858,1.0001431779822,6.91745580295901,1.00051803404458,91.4023907724768,1.00047761072448,0.0682631602754084,0.0686122466397004
102,United States of America,2022-2030,cvd_cmp,ssp245,ssp585,27,597.243634556443,2346.37471240111,2943.61834695755,53009.2102072491,601.291839694127,2348.49190812366,2949.78374781778,53116.0169501342,27,0.840294132825355,1.02759212006776,1.16610229909474,27,0.959953802157725,1.0016359835254,1.05385839036128,4.04820513768379,1.00677814697965,2.1171957225456,1.00090232634683,6.16540086023088,1.00209449736125,106.806742885034,1.00201487142456,0.202894385127657,0.203842685125293
102,United States of America,2022-2030,cvd_htn,ssp245,ssp585,27,275.338100672757,7141.66584158905,7417.00394226181,118853.311759372,275.169371449051,7138.49292111365,7413.6622925627,118798.594364345,27,0.711150950258938,0.993495509511706,1.26884338847306,27,0.982374209799432,0.998833260871977,1.02187360097894,-0.16872922370618,0.999387192606857,-3.17292047539377,0.999555717034965,-3.34164969910125,0.999549460978434,-54.7173950270517,0.999539622462201,0.0371225501315822,0.0371165236006363
102,United States of America,2022-2030,cvd_ihd,ssp245,ssp585,27,3818.92501611218,37215.8795508315,41034.8045669437,583613.129717631,3824.70894148431,37186.7950957584,41011.5040372427,583256.234783925,27,0.84859712065095,1.01210551688949,1.13696888877749,27,0.976271604192256,0.997801259943328,1.02368969762462,5.78392537213404,1.00151454279614,-29.0844550731781,0.999218493411302,-23.3005297010532,0.999432176418361,-356.894933705684,0.999388473432943,0.0930655100326364,0.0932594166263954
102,United States of America,2022-2030,cvd_stroke,ssp245,ssp585,27,1345.52868870815,14092.8222754515,15438.3509641597,211679.788487794,1357.27246432949,14077.448350746,15434.7208150755,211631.906848223,27,0.855740643528456,1.0151550271249,1.15374544927667,27,0.982625405315824,0.996430069071718,1.02261276193268,11.7437756213394,1.00872800091139,-15.3739247055491,0.998909095395865,-3.63014908421246,0.999764861603895,-47.8816395707545,0.999773801552275,0.0871549488563776,0.0879363145333866
102,United States of America,2022-2030,diabetes,ssp245,ssp585,27,842.031782607041,5197.33552605427,6039.36730866132,102047.711034396,846.961461410575,5197.26773667101,6044.22919808159,102119.86422598,27,0.835049312851475,1.02367916754731,1.14741942707217,27,0.969380365229472,0.998850473598947,1.03053260019569,4.92967880353365,1.00585450443245,-0.0677893832589689,0.999986956896872,4.86188942027275,1.00080503290689,72.1531915840606,1.00070705350324,0.13942384020913,0.140127290619521
102,United States of America,2022-2030,inj_animal,ssp245,ssp585,27,6.04696315699147,-43.3841955787828,-37.3372324217914,-1078.62287028547,6.09006947200578,-43.3385598906009,-37.2484904185951,-1076.06387026451,27,0.891959334536318,1.01865645899277,1.09753349598057,0,,,,0.0431063150143061,1.00712858899503,0.0456356881819531,,0.0887420031962733,,2.55900002095427,,-0.161955312827692,-0.16349842379023
102,United States of America,2022-2030,inj_disaster,ssp245,ssp585,27,7.1941493218955,-51.8928210248798,-44.6986717029843,-1622.72765187325,7.24361900493554,-51.844000281084,-44.6003812761485,-1619.1702405017,27,0.881724607746881,1.01093560728064,1.09568210846819,0,,,,0.0494696830400443,1.00687637701507,0.048820743795801,,0.0982904268358453,,3.55741137154723,,-0.160947720543006,-0.162411593750417
102,United States of America,2022-2030,inj_drowning,ssp245,ssp585,27,102.230213496482,-713.845533274128,-611.615319777647,-24371.3871724203,102.908021205214,-712.91492372458,-610.006902519367,-24307.1016523349,27,0.885763479976726,1.0156157629452,1.09607236168944,0,,,,0.677807708731791,1.00663020926544,0.930609549547739,,1.60841725827993,,64.2855200853373,,-0.167147895402045,-0.168699765166914
102,United States of America,2022-2030,inj_homicide,ssp245,ssp585,27,136.805383790717,-904.067922445188,-767.262538654471,-35833.3045261777,137.787304990328,-903.628911036634,-765.841606046305,-35766.7990670957,27,0.896366948015054,1.00976123449576,1.09181426335141,0,,,,0.981921199611691,1.00717750407479,0.439011408554165,,1.42093260816557,,66.50545908192,,-0.178303223340773,-0.179916191419349
102,United States of America,2022-2030,inj_mech,ssp245,ssp585,27,28.4503204045003,-209.117591533641,-180.66727112914,-5798.01908377843,28.6012273955422,-208.77013058759,-180.168903192048,-5781.94650221476,27,0.884085416914168,1.01088026844388,1.09908311895996,0,,,,0.150906991041957,1.00530422817376,0.34746094605066,,0.498367937092439,,16.0725815636742,,-0.157473571315328,-0.158746747573055
102,United States of America,2022-2030,inj_othunintent,ssp245,ssp585,27,8.65451793304285,-63.6424093983201,-54.9878914652773,-1686.42554869608,8.70120535079663,-63.5186507937407,-54.817445442944,-1681.16944756411,27,0.883978239525642,1.00882501789136,1.09056204424352,0,,,,0.0466874177537857,1.00539457172716,0.123758604579436,,0.170446022333223,,5.25610113197149,,-0.157389521627827,-0.158730588054366
102,United States of America,2022-2030,inj_suicide,ssp245,ssp585,27,428.487758168631,-2829.44542925334,-2400.95767108471,-86118.9577479506,431.869910740586,-2830.68870343965,-2398.81879269906,-86043.5828709838,27,0.888920524963906,1.0150888993075,1.10188432071407,0,,,,3.3821525719556,1.00789323033734,-1.24327418631401,,2.13887838564233,,75.3748769668018,,-0.178465352941873,-0.180034403621902
102,United States of America,2022-2030,inj_trans_other,ssp245,ssp585,27,32.4278752502202,-275.398075229751,-242.970199979531,-8707.28500846912,32.5225343079258,-274.730442512568,-242.207908204642,-8680.16836050026,27,0.879105713035482,1.00782336860497,1.10701720312428,0,,,,0.0946590577056909,1.00291906444611,0.667632717182869,,0.762291774888581,,27.1166479688527,,-0.133464413549283,-0.134275278412658
102,United States of America,2022-2030,inj_trans_road,ssp245,ssp585,27,184.442496365531,-1209.3460502705,-1024.90355390497,-37519.2509169258,185.026501992165,-1209.17022455671,-1024.14372256454,-37492.0144367987,27,0.878569465074069,1.00351694639966,1.10958044677733,0,,,,0.584005626634678,1.00316632900846,0.175825713790346,,0.759831340425308,,27.2364801270596,,-0.179960832082969,-0.180664586342279
102,United States of America,2022-2030,lri,ssp245,ssp585,27,1035.09002767283,9265.60953812744,10300.6995658003,154264.377190686,1045.46106795021,9254.10598262098,10299.5670505712,154237.502586814,27,0.814922268214944,1.02671639224597,1.17998838551097,27,0.982483146720811,0.995523219888594,1.03186785024918,10.37104027738,1.01001945724537,-11.5035555064551,0.998758467485693,-1.13251522907558,0.999890054532526,-26.874603872071,0.999825788659952,0.100487352442496,0.101505341226186
102,United States of America,2022-2030,resp_copd,ssp245,ssp585,27,1221.24574011236,25506.6232466037,26727.868986716,372694.255856452,1226.81683310809,25479.8343837154,26706.6512168235,372390.128476071,27,0.794529401121763,1.01827863369326,1.18521078172695,27,0.985423183148539,0.997041026774087,1.02274854251591,5.57109299573176,1.00456181160986,-26.7888628882865,0.99894972914959,-21.2177698925516,0.99920615557106,-304.12738038064,0.999183976206766,0.0456918484866611,0.0459367527267991
102,United States of America,2031-2040,ckd,ssp245,ssp585,27,1535.80844464667,18273.2232597659,19809.0317044125,272896.196546698,1635.1443706956,18245.3167595866,19880.4611302822,273894.230119075,27,0.89751494455845,1.08511700534972,1.22321861993843,27,0.977191600394045,1.00490295427022,1.02666629219866,99.3359260489333,1.06467989311765,-27.9065001793024,0.998472820050267,71.4294258696318,1.00360590194087,998.033572377812,1.00365719121412,0.0775307176829126,0.0822488150541404
102,United States of America,2031-2040,cvd_cmp,ssp245,ssp585,27,758.446891431705,2684.93542719046,3443.38231862217,59451.0265552193,804.367233527921,2684.62360958463,3488.99084311255,60242.0579077935,27,0.917031955222805,1.08081440083802,1.18043865858679,27,0.969798099223932,1.01387986841006,1.04694457804462,45.9203420962159,1.06054523080651,-0.311817605835131,0.999883864020461,45.6085244903807,1.01324526882877,791.03135257426,1.01330559619252,0.220262178652061,0.230544380795892
102,United States of America,2031-2040,cvd_htn,ssp245,ssp585,27,424.904294148462,9557.7253040819,9982.62959823037,155971.179938291,457.997149849497,9545.36632133711,10003.3634711866,156300.687285481,27,0.87603839884418,1.0863578377308,1.30751464790897,27,0.972151181353164,1.00117682786323,1.02604671912715,33.0928557010345,1.07788308133566,-12.358982744794,0.998706911702148,20.7338729562434,1.00207699511959,329.507347190054,1.00211261687781,0.0425643654277011,0.0457843155623304
102,United States of America,2031-2040,cvd_ihd,ssp245,ssp585,27,4108.20773394539,38303.8789015773,42412.0866355227,579129.092595351,4305.09128110205,38477.044696171,42782.1359772731,584197.835021824,27,0.9258803831479,1.04824216334721,1.17533404714945,27,0.983855094519546,1.01120252049794,1.03149517515739,196.883547156657,1.04792443807791,173.165794593697,1.00452084226349,370.049341750346,1.00872509162142,5068.74242647237,1.00875235330306,0.0968640795547303,0.100628245475846
102,United States of America,2031-2040,cvd_stroke,ssp245,ssp585,27,1598.56344642882,15105.3768749581,16703.9403213869,226947.620890526,1683.9970774764,15045.2422183738,16729.2392958502,227292.91830497,27,0.908505903963582,1.05153495112542,1.17913397380826,27,0.971194595718375,1.00321686893944,1.02476325287017,85.4336310475783,1.05344400388889,-60.1346565842705,0.996018989987336,25.2989744633051,1.00151455129607,345.297414443892,1.00152148505937,0.0956997819479813,0.100661903849634
102,United States of America,2031-2040,diabetes,ssp245,ssp585,27,983.970149609067,5529.25349082713,6513.2236404362,103653.380879589,1043.21991589377,5534.93403774922,6578.15395364299,104693.937174745,27,0.931992075038999,1.06898120313368,1.18533624387489,27,0.983192455919973,1.01065446698362,1.03674207941291,59.2497662847013,1.06021500378669,5.68054692208352,1.00102736236121,64.9303132067844,1.00996899796342,1040.55629515629,1.0100388070927,0.151072679817143,0.158588552844075
102,United States of America,2031-2040,inj_animal,ssp245,ssp585,27,7.60843650660286,-53.4939649277861,-45.8855284211832,-1297.92545772958,7.88371251970264,-53.7815510561265,-45.8978385364238,-1298.28305739926,27,0.970293705500419,1.03269592043225,1.12595312733035,0,,,,0.27527601309978,1.03618036542211,-0.287586128340415,,-0.0123101152406377,,-0.357599669677029,,-0.165813422409894,-0.171766531302912
102,United States of America,2031-2040,inj_disaster,ssp245,ssp585,27,7.42548680550156,-52.495268514159,-45.0697817086574,-1610.71700386903,7.69306674643105,-52.7719895741855,-45.0789228277544,-1611.05461253943,27,0.96875132898112,1.03155685474199,1.12032520187364,0,,,,0.267579940929492,1.036035339896,-0.276721060026468,,-0.00914111909698079,,-0.337608670399504,,-0.164755331044242,-0.170657732347024
102,United States of America,2031-2040,inj_drowning,ssp245,ssp585,27,100.533485459996,-685.843272370479,-585.309786910483,-22480.6648687595,104.321149074289,-689.321171256962,-585.000022182673,-22469.4139460976,27,0.971724688284303,1.03672970539605,1.12321959012375,0,,,,3.78766361429325,1.03767564207053,-3.47789888648322,,0.309764727810148,,11.2509226619441,,-0.171761155730292,-0.17832674379235
102,United States of America,2031-2040,inj_homicide,ssp245,ssp585,27,121.436550703074,-767.917059222982,-646.480508519907,-30549.2839436705,126.286213398064,-762.742116078965,-636.455902680902,-30075.0093176017,27,0.96882192864271,1.03248187094745,1.13168957815252,0,,,,4.84966269498933,1.03993577441809,5.1749431440162,,10.0246058390056,,474.274626068756,,-0.187842555348032,-0.198420994865656
102,United States of America,2031-2040,inj_mech,ssp245,ssp585,27,28.8769480360475,-205.719678798622,-176.842730762574,-5608.28722073444,29.6729722429043,-203.437315181315,-173.76434293841,-5510.6977227295,27,0.966607068565453,1.0256556694044,1.11656851374411,0,,,,0.796024206856806,1.02756607816945,2.28236361730703,,3.07838782416388,,97.5894980049334,,-0.163291688109121,-0.170765599783735
102,United States of America,2031-2040,inj_othunintent,ssp245,ssp585,27,8.07125090161102,-58.2996149974619,-50.2283640958509,-1452.94135512474,8.34163991671334,-58.4475164316518,-50.1058765149385,-1449.47598800132,27,0.974106113302089,1.03407602379905,1.12195146157636,0,,,,0.270389015102314,1.03350026140909,-0.147901434189848,,0.122487580912427,,3.46536712341981,,-0.160691096492982,-0.166480271315609
102,United States of America,2031-2040,inj_suicide,ssp245,ssp585,27,454.249838239519,-2889.74186416113,-2435.49202592161,-88243.7201943558,476.952741892408,-2912.33189377082,-2435.37915187841,-88239.0666120655,27,0.961555269535023,1.05087699628992,1.14140825341959,0,,,,22.702903652889,1.04997889210236,-22.5900296096938,,0.112874043192278,,4.65358229023696,,-0.186512554097823,-0.195843321367243
102,United States of America,2031-2040,inj_trans_other,ssp245,ssp585,27,33.9728526899245,-286.004123037094,-252.031270347169,-9080.17821773533,34.8118899378459,-283.902290204117,-249.090400266271,-8974.15576290728,27,0.962055050946924,1.02517564298586,1.11240126951442,0,,,,0.839037247921404,1.0246972856704,2.10183283297675,,2.94087008089807,,106.022454828048,,-0.134796180819656,-0.139756048007603
102,United States of America,2031-2040,inj_trans_road,ssp245,ssp585,27,201.306612096609,-1242.99494083539,-1041.68832873878,-38150.6387555705,209.53074684329,-1216.12416704928,-1006.593420206,-36864.7819998116,27,0.951405522876328,1.03863768752859,1.13322766769816,0,,,,8.2241347466809,1.04085377355978,26.8707737861041,,35.0949085327849,,1285.85675575894,,-0.193250328858288,-0.208158271887383
102,United States of America,2031-2040,lri,ssp245,ssp585,27,1478.88619040781,11355.9577718698,12834.8439622777,184021.183187407,1583.85643420254,11233.7443913066,12817.6008255092,183787.423096085,27,0.892187967647126,1.08705827626329,1.20261571251556,27,0.959259270487122,1.00227765510914,1.03432754759462,104.970243794726,1.07097925754907,-122.213380563209,0.989237950420532,-17.2431367684894,0.998656537093932,-233.760091321514,0.998729710964398,0.115224321756801,0.123568868758216
102,United States of America,2031-2040,resp_copd,ssp245,ssp585,27,1707.81723874564,31818.8189741858,33526.6362129314,455205.214748832,1802.78456775044,31708.8480525041,33511.6326202545,455014.780859037,27,0.891227261536575,1.05123232951918,1.23779647799295,27,0.967846705403425,1.00011226540802,1.02148486171324,94.9673290048017,1.05560743084814,-109.970921681717,0.996543840242124,-15.0035926769124,0.999552487384013,-190.43388979492,0.999581652662086,0.0509391168233849,0.0537957845318714
102,United States of America,2041-2050,ckd,ssp245,ssp585,27,2453.33544592886,24844.2611160392,27297.5965619681,372462.59226601,2701.02905291333,24665.3650503825,27366.3941032958,373409.913810075,27,0.937023001043086,1.08136803572495,1.29100260216241,27,0.982903891646877,1.00337518918581,1.03228406675716,247.693606984464,1.10096198112471,-178.896065656674,0.992799300215808,68.7975413277927,1.00252027833922,947.321544065722,1.00254340050179,0.0898736795512223,0.0986987559529457
102,United States of America,2041-2050,cvd_cmp,ssp245,ssp585,27,909.846964278946,2857.48843573291,3767.33540001185,64333.4301057021,999.049679415796,2841.46918319619,3840.51886261198,65586.7479295905,27,0.941709791800633,1.09107243156171,1.24179797039474,27,0.983530508454804,1.02097748617158,1.08087578012211,89.20271513685,1.0980414494294,-16.0192525367197,0.994393939679196,73.1834626001305,1.01942578900724,1253.31782388835,1.01948159490065,0.241509413862138,0.260134037913911
102,United States of America,2041-2050,cvd_htn,ssp245,ssp585,27,646.839168494541,12085.5504753412,12732.3896438358,198813.128899828,719.71734525712,12000.0988447223,12719.8161899795,198621.759512936,27,0.913156186031806,1.07621935320446,1.4039302930857,27,0.981794610156646,1.00022345429999,1.02535079887376,72.8781767625787,1.11266815664889,-85.4516306189107,0.992929438274801,-12.5734538563302,0.99901248279325,-191.369386891514,0.999037440897638,0.0508026526511227,0.0565823699421149
102,United States of America,2041-2050,cvd_ihd,ssp245,ssp585,27,4243.01777702597,36497.6378827537,40740.6556597797,549591.09649945,4585.40717199811,36636.5913930478,41221.9985650459,556094.290333179,27,0.963169749791237,1.06280031210267,1.25191188754015,27,0.988400145254477,1.01008876387199,1.04016748294679,342.38939497214,1.08069478210203,138.95351029413,1.00380719187199,481.342905266254,1.01181480507545,6503.19383372855,1.01183278600245,0.10414701747706,0.111236896114161
102,United States of America,2041-2050,cvd_stroke,ssp245,ssp585,27,1771.1955340548,14780.3048051282,16551.500339183,228464.900445653,1940.35077888789,14594.5687305771,16534.919509465,228245.62797613,27,0.958188576001414,1.07979807778302,1.25467713467328,27,0.978974244869397,0.998315799469374,1.03061960131489,169.155244833086,1.09550342781513,-185.736074551014,0.987433542338953,-16.5808297179319,0.998998227992741,-219.272469523014,0.99904023563753,0.107011177099262,0.117348667937402
102,United States of America,2041-2050,diabetes,ssp245,ssp585,27,1099.69811424508,5460.75715000008,6560.45526424516,101487.285606305,1208.88069299055,5439.7311299249,6648.61182291545,102849.443551555,27,0.96857234270157,1.08365916769202,1.25057245957401,27,0.98481106637066,1.01300074503094,1.05482106227712,109.182578745475,1.0992841374657,-21.0260200751809,0.996149614513588,88.1565586702909,1.01343756722963,1362.15794525067,1.01342195662356,0.167625274458999,0.181824525959534
102,United States of America,2041-2050,inj_animal,ssp245,ssp585,27,9.47339190564525,-63.7643987156455,-54.2910068100003,-1529.7143624616,10.0744662704014,-64.1693416517948,-54.0948753813934,-1524.15852950667,27,0.999903044692189,1.05799728415554,1.14514783176883,0,,,,0.601074364756126,1.06344869617375,-0.40494293614924,,0.196131428606883,,5.55583295492647,,-0.174492838911587,-0.186236980848404
102,United States of America,2041-2050,inj_disaster,ssp245,ssp585,27,7.81557175672613,-52.925657521928,-45.1100857652019,-1622.74877554709,8.30286473252677,-53.2302204343905,-44.9273557018637,-1616.13895028683,27,0.999592475330088,1.05778475373635,1.15232140578769,0,,,,0.487292975800643,1.062348986225,-0.304562912462508,,0.182730063338148,,6.60982526025714,,-0.173255528650648,-0.184806441483542
102,United States of America,2041-2050,inj_drowning,ssp245,ssp585,27,97.6371166681374,-635.159880140908,-537.522763472771,-20142.8551549117,103.782461951058,-638.401579418912,-534.619117467854,-20034.1172108643,27,0.998812471759815,1.05802609641131,1.14401127634707,0,,,,6.1453452829208,1.0629406673674,-3.24169927800347,,2.90364600491751,,108.737944047389,,-0.181642756926858,-0.194124112962157
102,United States of America,2041-2050,inj_homicide,ssp245,ssp585,27,106.686107660606,-626.767023753993,-520.080916093388,-24782.4416642991,115.271171066752,-618.138100602233,-502.866929535481,-23961.4386520106,27,0.99794933666529,1.06898489840846,1.21498421524334,0,,,,8.58506340614616,1.08047030297007,8.62892315176055,,17.2139865579064,,821.003012288431,,-0.205133671240975,-0.229227981194215
102,United States of America,2041-2050,inj_mech,ssp245,ssp585,27,28.7690091680772,-193.32330119003,-164.554292021953,-5246.1303298027,30.2252749511247,-188.580276855621,-158.355001904496,-5048.41965202698,27,0.999962451163901,1.04195643013526,1.14309395142161,0,,,,1.45626578304751,1.05061925402226,4.74302433440963,,6.19929011745717,,197.710677775727,,-0.17482989239952,-0.190870351978863
102,United States of America,2041-2050,inj_othunintent,ssp245,ssp585,27,7.41601255879767,-51.2938703740803,-43.8778578152827,-1197.54282654724,7.81485521779585,-51.3068077801853,-43.4919525623894,-1186.98374661931,27,0.994583144731047,1.04555632941925,1.14281642327846,0,,,,0.398842658998187,1.05378128149541,-0.012937406104939,,0.385905252893217,,10.5590799279212,,-0.169014918413238,-0.17968508557038
102,United States of America,2041-2050,inj_suicide,ssp245,ssp585,27,478.202059313983,-2849.17923218532,-2370.97717287134,-87215.2933131424,522.027086891721,-2885.48104440531,-2363.45395751359,-86936.4750774068,27,0.989245314527165,1.0806022680707,1.21607048132092,0,,,,43.8250275777386,1.09164541792356,-36.3018122199878,,7.52321535774991,,278.818235735584,,-0.201689862216118,-0.220874658984644
102,United States of America,2041-2050,inj_trans_other,ssp245,ssp585,27,35.5592374372809,-287.570377210181,-252.0111397729,-9205.67453250617,36.8839603362769,-282.225820301987,-245.34185996571,-8962.02475056511,27,0.990095968812996,1.02878004561255,1.13995131278554,0,,,,1.32472289899601,1.03725397377637,5.34455690819436,,6.66927980719041,,243.649781941056,,-0.141101847598186,-0.150337004624616
102,United States of America,2041-2050,inj_trans_road,ssp245,ssp585,27,221.781883160406,-1230.97271309027,-1009.19082992986,-37438.1081279909,239.896884818338,-1179.68805852358,-939.79117370524,-34861.7578661,27,0.981884531708751,1.07880802896268,1.26039015385468,0,,,,18.1150016579321,1.08167935721256,51.2846545666901,,69.3996562246216,,2576.35026189094,,-0.219762087191993,-0.255266160749856
102,United States of America,2041-2050,lri,ssp245,ssp585,27,1980.84870432814,12816.0027833455,14796.8514876737,209506.387372399,2215.96311664567,12475.895453797,14691.8585704426,208023.864048441,27,0.937409257458968,1.10185147704254,1.27672969427361,27,0.964698133741989,0.993317464867383,1.03733688963134,235.114412317526,1.11869377595765,-340.107329548584,0.973462292783632,-104.992917231064,0.992904374466519,-1482.5233239583,0.992923732099284,0.133869607732311,0.150829325372338
102,United States of America,2041-2050,resp_copd,ssp245,ssp585,27,2224.04062369327,35869.6147776884,38093.6554013817,518386.361579364,2410.45812097223,35453.3935675452,37863.8516885174,515266.181083086,27,0.942771874738212,1.06563964892507,1.32747731642527,27,0.969356585341629,0.993684029825328,1.02150553929923,186.417497278961,1.08381928607464,-416.221210143223,0.988396273204414,-229.803712864261,0.99396740190872,-3120.1804962781,0.993980974949318,0.0583834919557918,0.0636611969854939
114,Haiti,2022-2030,ckd,ssp245,ssp585,27,-9.17718575814879,14.1550591618904,4.97787340374156,100.408242385804,-9.03141116298603,14.4225611254352,5.39114996244921,108.74695041962,0,,,,27,0.598417475810403,1.09843994602949,1.78644024536047,0.145774595162754,,0.267501963544886,1.01889797566266,0.413276558707643,1.08302271375504,8.33870803381599,1.08304804302595,-1.84359565095626,-1.67522907466723
114,Haiti,2022-2030,cvd_cmp,ssp245,ssp585,27,-13.8342463621003,7.77156996755113,-6.06267639454916,-164.065629292219,-14.0064165349985,8.02307204493281,-5.98334449006574,-161.85435809109,0,,,,0,,,,-0.172170172898262,,0.251502077381677,1.03236181086084,0.0793319044834169,,2.21127120112925,,2.28187115092246,2.34090090554767
114,Haiti,2022-2030,cvd_htn,ssp245,ssp585,27,-16.3637469532023,20.9894331273367,4.62568617413439,67.9151145939959,-16.3833349587695,21.1789257801332,4.79559082136367,70.3888846184285,0,,,,27,0.307034198840839,1.03458009658623,2.3349285880746,-0.0195880055672255,,0.189492652796513,1.00902800240706,0.169904647229283,1.03673069050368,2.47377002443258,1.036424440115,-3.53758260659878,-3.4163329543847
114,Haiti,2022-2030,cvd_ihd,ssp245,ssp585,27,-68.5503645012534,137.552742843135,69.0023783418813,1004.48951192469,-67.3267424893958,140.850085476739,73.5233429873435,1070.60334030288,0,,,,27,0.802477202260905,1.04144752951302,1.34163443150857,1.2236220118576,,3.2973426336047,1.02397147861577,4.52096464546222,1.06551896839066,66.1138283781858,1.06581833617307,-0.993449300567752,-0.915719277087082
114,Haiti,2022-2030,cvd_stroke,ssp245,ssp585,27,7.88257472405044,46.6136146252495,54.4961893493,872.314744008748,8.87437123577577,47.7070903627407,56.5814615985165,905.73973084014,17,0.113480953909679,0.889847298895633,3.54916312261301,27,0.802933323950458,1.04910168468894,1.38414936890323,0.991796511725332,1.1258213904017,1.09347573749116,1.02345829102253,2.0852722492165,1.03826455159737,33.4249868313922,1.0383175763805,0.14464451217912,0.156842382382156
114,Haiti,2022-2030,diabetes,ssp245,ssp585,27,20.9737316922187,13.48372711587,34.4574588080886,575.168867301994,21.9623836176397,13.6236287327024,35.5860123503422,593.99802208843,27,0.455575972265205,0.956885514933415,4.15498297805422,27,0.690825808301534,1.04384598977558,1.66764594397272,0.988651925421063,1.04713762624263,0.139901616832466,1.01037558945166,1.12855354225354,1.03275208275047,18.8291547864357,1.03273674194982,0.608684807809891,0.617163378729299
114,Haiti,2022-2030,inj_animal,ssp245,ssp585,27,0.548003252558878,-0.579086773627264,-0.0310835210683859,-0.907614833919097,0.547904382738209,-0.585287779952671,-0.0373833972144624,-1.12843898670953,27,0.911318901038197,1.00549789550599,1.05859614167046,7,0.359335624619452,0.800981313171528,1.44250775842423,-9.88698206692007e-05,0.999819581690058,-0.00620100632540721,,-0.0062998761460765,,-0.220824152790433,,-17.6300249689613,-14.6563561250191
114,Haiti,2022-2030,inj_disaster,ssp245,ssp585,27,1703.07618435763,133.825822622927,1836.90200698056,76938.8268635475,1705.97088654631,136.584465215198,1842.55535176151,77174.5509407164,27,0.903687592815236,1.00614405617404,1.10371053704662,27,0.923341850302285,1.00611847254975,1.0747887882425,2.8947021886795,1.00169969036927,2.75864259227092,1.0206136793199,5.65334478094928,1.00307765180694,235.724077168838,1.00306378569544,0.927145910824658,0.925872259368154
114,Haiti,2022-2030,inj_drowning,ssp245,ssp585,27,45.4002280972451,-42.4109808577778,2.98924723946723,153.760290021654,45.4880993468633,-42.9627656212082,2.52533372565512,129.144796556756,27,0.915856249449594,1.00569097312223,1.06776538538429,12,0.127795251003951,0.830383872038411,4.36349864088307,0.0878712496182672,1.00193548035552,-0.551784763430383,,-0.463913513812114,0.844805907090242,-24.6154934648982,0.839909943839,15.1878464577379,18.0127081362535
114,Haiti,2022-2030,inj_homicide,ssp245,ssp585,27,64.6690965603514,-36.7303151193415,27.93878144101,1164.48242713475,65.3172613916363,-37.5841609422531,27.7331004493833,1156.04333237915,27,0.86148677451618,1.00255827470612,1.19651414068272,27,0.586965316226559,0.957252928281431,1.55188029092167,0.648164831284916,1.01002279088096,-0.853845822911595,,-0.205680991626682,0.992638154528645,-8.43909475560213,0.992752922191907,2.31467133585958,2.35520949094204
114,Haiti,2022-2030,inj_mech,ssp245,ssp585,27,5.74902273636549,-3.20988594780986,2.53913678855562,102.765353878236,5.80054132940779,-3.27476687505272,2.52577445435506,102.287332073287,27,0.840760250384894,1.00333511547511,1.21953890632327,27,0.542257998813559,0.970292866707151,1.66937527237726,0.0515185930422994,1.00896127836065,-0.064880927242859,,-0.0133623342005631,0.994737450041766,-0.478021804948398,0.995348414743798,2.26416424758108,2.2965397086055
114,Haiti,2022-2030,inj_othunintent,ssp245,ssp585,27,6.12862571963459,-6.36087416085317,-0.232248441218585,-9.8628229240029,6.14089945816148,-6.43218100469506,-0.291281546533574,-12.3281360506699,27,0.914010385754457,1.00627910951882,1.06254986540868,8,0.280740786080518,0.754657205051435,1.38222341095061,0.0122737385268934,1.00200269017695,-0.0713068438418834,,-0.0590331053149886,,-2.46531312666703,,-26.3882318756513,-21.082349813237
114,Haiti,2022-2030,inj_suicide,ssp245,ssp585,27,20.889522893821,-14.6242335346196,6.26528935920137,206.201650899353,21.0613837761154,-14.940505983057,6.1208777930584,201.379241558168,27,0.897936003043921,0.996213644437418,1.14589864036377,27,0.397199644425875,0.926239246275357,2.30747793008719,0.171860882294421,1.00822713295885,-0.316272448437397,,-0.144411566142975,0.976950535264443,-4.82240934118502,0.976613139030886,3.33416729797836,3.440909047392
114,Haiti,2022-2030,inj_trans_other,ssp245,ssp585,27,2.3458865267335,-1.68991005472832,0.655976472005182,25.8574521622029,2.35967587385557,-1.69021532710612,0.669460546749441,26.366318117879,27,0.898249231624781,0.998505590923204,1.12946480799675,26,0.24448655407956,0.938193842472521,9.45814586447144,0.0137893471220676,1.00587809638912,-0.000305272377808974,,0.0134840747442596,1.02055572923681,0.508865955676047,1.01967966342871,3.57617479718841,3.52474225002944
114,Haiti,2022-2030,inj_trans_road,ssp245,ssp585,27,60.4709460760286,-26.9624025373782,33.5085435386504,1409.65985914878,61.2544920203381,-27.6802085063628,33.5742835139753,1412.38609357545,27,0.834678871081641,1.00694233978296,1.2604427805206,27,0.689133618927709,0.98036890585044,1.40753198070656,0.783545944309473,1.01295739516502,-0.717805968984607,,0.0657399753248811,1.00196188698112,2.72623442666804,1.00193396613302,1.80464262811896,1.82444673748111
114,Haiti,2022-2030,lri,ssp245,ssp585,27,-13.8617251622639,11.7910193916021,-2.0707057706618,-101.896980817771,-14.0080540966015,12.0974719268386,-1.91058216976283,-93.6367299372827,0,,,,4,0.969472958193759,1.54029029685796,2.19015044016292,-0.14632893433752,,0.306452535236499,1.02599033425853,0.160123600898968,,8.26025088048826,,6.69420318360041,7.3318249894169
114,Haiti,2022-2030,resp_copd,ssp245,ssp585,27,-8.21711601497782,16.5580000158829,8.34088400090509,103.146642075223,-8.13954732913399,16.7518211799355,8.61227385080148,106.585644117909,0,,,,27,0.76733716413645,1.02757348401681,1.41989868695015,0.0775686858438309,,0.193821164052565,1.01170559028063,0.271389849896394,1.03253730058672,3.43900204268613,1.0333409015892,-0.98516128675164,-0.945110138175239
114,Haiti,2031-2040,ckd,ssp245,ssp585,27,-2.78017230104572,19.1165642231567,16.3363919221109,310.231631799175,-1.16190710634968,18.4361951805379,17.2742880741882,327.963264381977,7,0.803798082519765,1.38731979763845,5.56630536588801,27,0.815726653088651,1.03635341688549,1.76624670639515,1.61826519469604,,-0.680369042618793,0.964409449591646,0.937896152077254,1.05741146249117,17.7316325828021,1.05715610777653,-0.170182762160769,-0.0672622281948533
114,Haiti,2031-2040,cvd_cmp,ssp245,ssp585,27,-16.0095693939243,8.7227985992868,-7.28677079463749,-183.130565465922,-16.6790459996356,8.53881026428939,-8.14023573534621,-203.765274107497,0,,,,0,,,,-0.669476605711317,,-0.183988334997407,0.978907189830973,-0.853464940708721,,-20.6347086415749,,2.19707327774137,2.04896351185661
114,Haiti,2031-2040,cvd_htn,ssp245,ssp585,27,-16.4855748065178,26.9298461593803,10.4442713528626,148.424748877862,-15.4167891845454,25.6327847063332,10.2159955217877,145.06131188434,0,,,,27,0.735607476046527,0.967610618930512,1.68884722700726,1.06878562197234,,-1.29706145304719,0.951835541674812,-0.228275831074841,0.978143441187759,-3.36343699352219,0.977339109421098,-1.57843225722007,-1.50908339296605
114,Haiti,2031-2040,cvd_ihd,ssp245,ssp585,27,-48.1604750607171,167.846698561854,119.686223501137,1697.94739056258,-39.4417938615683,162.65284884327,123.211054981701,1748.26705291672,1,1.35935545767207,1.35935545767207,1.35935545767207,27,0.837092809427588,1.0056717743464,1.69825132451727,8.71868119914886,,-5.19384971858491,0.969055991192637,3.52483148056395,1.02945060323113,50.319662354146,1.02963558390197,-0.402389461810193,-0.320115706073826
114,Haiti,2031-2040,cvd_stroke,ssp245,ssp585,27,31.8317107805506,49.6603833239695,81.4920941045202,1232.92260742065,39.0893166606073,47.2022862497968,86.291602910404,1304.95978458247,26,0.691000658716953,1.18493257969939,2.9486309282818,27,0.890647844147544,1.04631942014584,1.5185910906015,7.25760588005662,1.22799924044582,-2.45809707417276,0.950501850577011,4.79950880588386,1.05889539173859,72.0371771618213,1.05842797976795,0.390611029576978,0.45299096716506
114,Haiti,2031-2040,diabetes,ssp245,ssp585,27,45.1756850904269,10.9730802339258,56.1487653243527,903.959480377611,52.0468416380314,9.79045436944723,61.8372960074786,994.627228137833,27,0.772271971885204,1.12654157079695,1.76036295659074,27,0.796706940536192,1.07779903962951,1.69623777958715,6.87115654760445,1.15209855774961,-1.18262586447855,0.892224804770662,5.6885306831259,1.10131176794833,90.6677477602212,1.10030067688692,0.804571299644116,0.84167395727874
114,Haiti,2031-2040,inj_animal,ssp245,ssp585,27,0.587025853490247,-0.690968342616437,-0.10394248912619,-2.91502999395486,0.577342739800454,-0.657382207151336,-0.0800394673508819,-2.24575381998882,27,0.887067903929189,0.980986593575753,1.07735386840798,8,0.512349357392299,1.05522988193005,2.26592770965722,-0.00968311368979336,0.983504791769867,0.0335861354651013,,0.0239030217753079,,0.669276173966046,,-5.64760242346686,-7.21322566115368
114,Haiti,2031-2040,inj_disaster,ssp245,ssp585,27,1523.83982209071,184.760053351692,1708.59987544241,69261.4012705662,1494.13979720396,201.096419917512,1695.23621712148,68718.9174392648,27,0.83860570488129,0.975054795723711,1.07477313559579,27,0.91779860482236,0.987115472685234,1.05350932227494,-29.7000248867505,0.980509746197601,16.3363665658203,1.08841936484357,-13.3636583209307,0.992178591071552,-542.483831301361,0.992167587987685,0.891864645428555,0.881375575930666
114,Haiti,2031-2040,inj_drowning,ssp245,ssp585,27,35.7438109022249,-36.0745207406898,-0.330709838464949,-15.6649651333845,35.6697490760015,-34.4937227847363,1.17602629126518,58.5482750998781,27,0.928310520198834,0.99747803501439,1.05632196225998,10,0.895556588528558,1.05188729419639,1.58203663563596,-0.0740618262233852,0.997927981814083,1.58079795595351,,1.50673612973013,,74.2132402332625,,-108.082091141093,30.3307411925524
114,Haiti,2031-2040,inj_homicide,ssp245,ssp585,27,65.3183266825955,-37.902009022148,27.4163176604474,1136.8907642536,68.6676631958522,-37.3776825609456,31.2899806349066,1297.16709334263,27,0.942295911523547,1.04250375679479,1.29076355283891,27,0.841146817092606,1.1362368975065,1.60526385705948,3.34933651325677,1.05127713282571,0.524326461202413,,3.87366297445919,1.14129041771527,160.27632908903,1.14097777387985,2.38246169640892,2.19455754853513
114,Haiti,2031-2040,inj_mech,ssp245,ssp585,27,5.65515578900758,-3.16583758900789,2.4893181999997,98.6963604308484,6.0042318664258,-3.1286471783163,2.8755846881095,113.893186175436,27,0.937820405702635,1.04920559991747,1.33637056613926,27,0.842556708945459,1.15653716106419,1.61651114643185,0.349076077418213,1.06172704881035,0.0371904106915846,,0.3862664881098,1.15516959146077,15.1968257445876,1.15397554355852,2.27176894822376,2.0880038384031
114,Haiti,2031-2040,inj_othunintent,ssp245,ssp585,27,4.85141744204224,-5.47392116978032,-0.622503727738084,-24.5143954462694,4.78173339397169,-5.20630073723573,-0.424567343264037,-16.8851240774733,27,0.896184302744129,0.986087826067529,1.08016078619052,9,0.717686648025845,1.1105880800762,5.20311709718615,-0.0696840480705454,0.985636352900358,0.267620432544593,,0.197936384474047,,7.62927136879604,,-7.79339500450904,-11.2626029058433
114,Haiti,2031-2040,inj_suicide,ssp245,ssp585,27,23.6525870087228,-17.1488096011766,6.5037774075462,206.887978535779,24.4571877315446,-16.664272856258,7.79291487528667,247.537341666974,27,0.948731349069401,1.030988011837,1.19649740463527,25,0.778955071881489,1.18771058647809,4.84403631935503,0.804600722821832,1.03401745113653,0.484536744918646,,1.28913746774047,1.1982136513843,40.649363131195,1.1964800633603,3.63674608255799,3.13838764094609
114,Haiti,2031-2040,inj_trans_other,ssp245,ssp585,27,2.43937128036913,-1.8075880190408,0.63178326132833,23.8282040372439,2.52873569878234,-1.74371092225264,0.785024776529702,29.5545054745938,27,0.947667447676973,1.0333815166402,1.21725769668279,24,0.745844180616068,1.17491898577043,12.4877121905447,0.0893644184132181,1.03663420125193,0.0638770967881543,,0.153241515201372,1.24255393357396,5.72630143734994,1.24031611565855,3.86108880953941,3.22121769195735
114,Haiti,2031-2040,inj_trans_road,ssp245,ssp585,27,67.2987639733104,-31.8061900227555,35.4925739505549,1459.7855951431,71.7317401262427,-31.8606024518989,39.8711376743439,1638.70414393948,27,0.932612085347447,1.05189140897516,1.35602094527217,27,0.871604029528173,1.11313235790017,1.42005219332457,4.43297615293237,1.06587009762453,-0.0544124291433974,,4.37856372378895,1.12336562938176,178.918548796388,1.12256495021712,1.89613647257776,1.79908937417656
114,Haiti,2031-2040,lri,ssp245,ssp585,27,-10.270015027349,6.46748679941653,-3.80252822793248,-122.712467439772,-10.9125544974168,5.73861507302185,-5.17393942439496,-162.76068368056,0,,,,1,1.21857117495788,1.21857117495788,1.21857117495788,-0.642539470067806,,-0.728871726394675,0.887302170224695,-1.37141119646248,,-40.0482162407877,,2.70083860309251,2.10913843443247
114,Haiti,2031-2040,resp_copd,ssp245,ssp585,27,-5.31153717236305,18.8280741656923,13.5165369933293,165.535354941794,-4.25093162965337,17.83969026141,13.5887586317566,166.431523735396,1,1.10116505187171,1.10116505187171,1.10116505187171,27,0.879498153538206,0.996580677052208,1.3562029232021,1.06060554270968,,-0.988383904282372,0.947504779533779,0.0722216384273047,1.00534320576809,0.896168793602413,1.00541376066712,-0.392965829560073,-0.31282707603026
114,Haiti,2041-2050,ckd,ssp245,ssp585,27,4.28583505497779,25.4549617966409,29.7407968516187,517.905773431826,12.2976587011956,23.8136688231084,36.111327524304,627.711255985902,17,0.991890937018132,2.03457465895219,11.382608056691,27,0.928330651055667,1.17297974338467,1.63872113355861,8.01182364621777,2.86937283946857,-1.64129297353245,0.935521687809053,6.3705306726853,1.21420174800523,109.805482554076,1.2120182631417,0.144106261723937,0.340548507747849
114,Haiti,2041-2050,cvd_cmp,ssp245,ssp585,27,-18.2864097331426,9.87662852361984,-8.40978120952278,-186.01815371085,-20.7817373873924,9.59675731167886,-11.1849800757135,-246.746274541237,0,,,,0,,,,-2.49532765424978,,-0.279871211940975,0.971663284563992,-2.77519886619075,,-60.7281208303866,,2.17442157858234,1.85800397020972
114,Haiti,2041-2050,cvd_htn,ssp245,ssp585,27,-13.5860425951307,35.344477943695,21.7584353485643,301.123344172679,-8.97486904362848,31.3550952729899,22.3802262293614,309.034853955077,1,5.80915028044484,5.80915028044484,5.80915028044484,27,0.697414461709614,1.00435403003537,1.43954578317658,4.61117355150219,,-3.9893826707051,0.887128544462863,0.621790880797072,1.02857700339368,7.91150978239779,1.02627331934073,-0.624403472836438,-0.401017798106707
114,Haiti,2041-2050,cvd_ihd,ssp245,ssp585,27,-12.434980249805,188.640193560941,176.205213311136,2373.48909421134,22.4837154962169,174.727053645678,197.210769141895,2655.4043355543,9,1.040737571387,2.68226666914038,755.007238478563,27,0.80229407748295,1.11076713848548,1.46662322129357,34.9186957460218,,-13.913139915263,0.926245093091636,21.0055558307589,1.11921075112385,281.915241342951,1.11877671653538,-0.0705710121518809,0.114008558427353
114,Haiti,2041-2050,cvd_stroke,ssp245,ssp585,27,62.4344770872655,49.8693258238453,112.303802911111,1580.5662841973,90.3472966879203,43.5673223832637,133.914619071184,1883.77468542141,27,0.911980469181834,1.47924643691113,2.43293044936278,27,0.980227264427774,1.15686371242792,1.48981758850907,27.9128196006548,1.4470738108632,-6.30200344058156,0.873629664398466,21.6108161600733,1.19243173961952,303.208401224113,1.19183529615659,0.555942679311428,0.674663433421672
114,Haiti,2041-2050,diabetes,ssp245,ssp585,27,79.8045600800525,7.02822264147771,86.8327827215302,1298.73468638649,107.65213568481,5.58834037524451,113.240476060055,1691.86458021571,27,0.938446876612805,1.34621131803302,2.07553768829528,27,0.998810315267077,1.2620635664008,1.87684275482139,27.8475756047578,1.34894717265309,-1.4398822662332,0.795128535380254,26.4076933385246,1.3041212375194,393.129893829226,1.30270223622274,0.919060262481545,0.950650681013731
114,Haiti,2041-2050,inj_animal,ssp245,ssp585,27,0.64256599353597,-0.833811781670308,-0.191245788134339,-4.67952889803687,0.621232949817726,-0.716567826809157,-0.095334876991431,-2.33313484084235,27,0.797245863134875,0.971233739465518,1.0863993225342,6,1.20404412180263,2.79982393301733,12.7376651688624,-0.0213330437182442,0.966800229186032,0.117243954861152,,0.0959109111429077,,2.34639405719453,,-3.3598961828357,-6.51632402980458
114,Haiti,2041-2050,inj_disaster,ssp245,ssp585,27,1330.92185822265,203.581967363814,1534.50382558646,59121.4722002886,1265.2703011343,238.929054962823,1504.19935609713,57969.2220917642,27,0.837147752416873,0.964971114296473,1.03561282573488,27,0.899299701414634,0.986827354698891,1.06270854319564,-65.6515570883414,0.950672117462993,35.3470875990092,1.17362582775242,-30.304469489332,0.980251291014051,-1152.25010852437,0.980510463193121,0.867330426963251,0.841158650949858
114,Haiti,2041-2050,inj_drowning,ssp245,ssp585,27,26.2692915098375,-29.1579358081801,-2.88864429834265,-137.757546112796,26.6453579323504,-25.5662482759809,1.0791096563695,48.6996140225641,27,0.871842115298031,1.02903254191286,1.09735211642167,9,0.986076328499754,1.98457201435594,4.22134101717701,0.376066422512967,1.014315819,3.59168753219916,,3.96775395471215,,186.457160135361,,-9.09398624292697,24.6919835950637
114,Haiti,2041-2050,inj_homicide,ssp245,ssp585,27,62.8340999400005,-36.1266423414081,26.7074575985924,1093.66325759993,73.1169604790514,-34.9639373281369,38.1530231509146,1561.80539577749,27,0.969633312794264,1.14723365001963,1.40438567195103,27,0.616105454307422,1.47679320391142,4.90847990346443,10.282860539051,1.16365095623029,1.16270501327119,,11.4455655523221,1.42855316759636,468.142138177555,1.4280496166662,2.35267994746576,1.91641328630334
114,Haiti,2041-2050,inj_mech,ssp245,ssp585,27,5.37425475719004,-2.95254817681707,2.42170658037297,92.5942739643714,6.38621002546767,-2.88544768613485,3.50076233933281,133.762295062965,27,0.956537159691469,1.1681178565855,1.47026230224804,27,0.632085970932205,1.49705809553153,4.35601625044717,1.01195526827762,1.18829685491254,0.0671004906822184,,1.07905575895984,1.44557658954441,41.1680210985934,1.44460655433655,2.21920145105372,1.8242340971609
114,Haiti,2041-2050,inj_othunintent,ssp245,ssp585,27,3.55624287636135,-4.51758118487268,-0.961338308511325,-35.9087158032802,3.44715218241814,-3.87050664455564,-0.423354462137495,-16.0911635612458,27,0.800732189155714,0.976193311715844,1.08223200200551,8,0.988547197620096,2.75347084320246,110.330015239348,-0.10909069394321,0.969324172241343,0.64707454031704,,0.53798384637383,,19.8175522420343,,-3.69926262677325,-8.14247277568222
114,Haiti,2041-2050,inj_suicide,ssp245,ssp585,27,25.7633175565765,-18.8904413835906,6.87287617298594,207.694624715273,28.7489963577146,-17.4545554339325,11.2944409237821,341.21990417415,27,0.980691609029325,1.10994139245016,1.27556939085002,20,1.00169264457761,1.53795955878173,5.13882205777968,2.98567880113806,1.11588875518774,1.43588594965813,,4.42156475079617,1.64333543039452,133.525279458877,1.64289232156068,3.74854964764825,2.5454111940308
114,Haiti,2041-2050,inj_trans_other,ssp245,ssp585,27,2.5231270336905,-1.84780191781636,0.67532511587414,24.0174543543497,2.84345827940497,-1.71020835217122,1.13324992723375,40.328698797532,27,0.975813869320438,1.12858194601533,1.29656791726774,20,1.00129368167126,1.55526656744148,5.47479194577028,0.320331245714469,1.12695803320134,0.137593565645141,,0.45792481135961,1.67808052831986,16.3112444431823,1.67914126961704,3.73616643951495,2.50911843104709
114,Haiti,2041-2050,inj_trans_road,ssp245,ssp585,27,71.6515959647829,-34.2286425768614,37.4229533879215,1489.26770095624,85.8473528370468,-34.5221499035898,51.325202933457,2041.45671096503,27,0.960156677210665,1.18695979992568,1.50481429293247,27,0.78357507904557,1.43444762331903,2.15327586706472,14.195756872264,1.19812199129858,-0.293507326728388,,13.9022495455355,1.37148990891837,552.189010008789,1.37077887988455,1.91464300591275,1.67261594558813
114,Haiti,2041-2050,lri,ssp245,ssp585,27,-8.82622711277686,4.21102073059635,-4.61520638218051,-111.959211349455,-8.18943795293052,3.95782006748138,-4.23161788544914,-103.355905596177,0,,,,4,0.505982830170413,1.34568721798687,4.31122632618308,0.636789159846343,,-0.253200663114974,0.939871902962796,0.383588496731373,,8.60330575327767,,1.91242306018107,1.93529713093679
114,Haiti,2041-2050,resp_copd,ssp245,ssp585,27,-0.825940923650349,21.5093159189024,20.6833749952521,242.19506851316,3.30898608731366,18.4653433352862,21.7743294225999,254.479668823207,9,0.954596515456928,2.4194964537011,6.66376809088298,27,0.858256186402311,1.01156206240001,1.31495894279173,4.13492701096401,,-3.04397258361622,0.858481199723271,1.09095442734781,1.05274547444981,12.2846003100469,1.05072192586522,-0.0399325991933109,0.151967301637276
125,Colombia,2022-2030,ckd,ssp245,ssp585,27,45.997389119016,443.889861925509,489.887251044525,7373.62926305199,47.9482802948047,440.310914272166,488.259194566971,7349.58870603323,27,0.764520239606693,1.07799112952006,1.57764437762143,27,0.966367699222347,0.997132971793252,1.01147101669443,1.95089117578867,1.04241308502839,-3.57894765334208,0.991937307065727,-1.62805647755334,0.996676671062409,-24.0405570187604,0.996739657479225,0.0938938276530806,0.0982025138048433
125,Colombia,2022-2030,cvd_cmp,ssp245,ssp585,27,-15.8300798884864,25.4190358047955,9.58895591630903,188.432325554247,-16.2454191307952,24.7738767599055,8.52845762911031,168.055344746386,0,,,,26,0.413607824122383,0.874810428205614,1.47573251230194,-0.415339242308727,,-0.645159044889997,0.97461905912386,-1.06049828719872,0.889404196196689,-20.376980807861,0.891860482282299,-1.65086585303436,-1.90484843066399
125,Colombia,2022-2030,cvd_htn,ssp245,ssp585,27,9.10175692701391,277.271108344122,286.372865271136,3320.50143835241,9.80656477944066,275.720092564063,285.526657343503,3310.5168483186,27,0.641776482739232,1.13132201272333,2.37536607596052,27,0.959098120938041,0.997830074232105,1.01540653430931,0.704807852426747,1.07743646178189,-1.55101578005986,0.994406139935305,-0.846207927633145,0.997045083420065,-9.98459003381322,0.996993047520326,0.0317828887817162,0.0343455314144026
125,Colombia,2022-2030,cvd_ihd,ssp245,ssp585,27,199.243881688984,2098.23877540151,2297.48265709049,30516.1145901382,209.010318648353,2092.06004998813,2301.07036863648,30563.5263911441,27,0.695185940441101,1.09014077248172,1.80388143936095,27,0.977240436648406,1.00298629420809,1.01492746755663,9.76643695936906,1.04901749994318,-6.17872541337738,0.997055280130263,3.58771154599208,1.0015615837338,47.4118010059247,1.00155366440462,0.0867226923668293,0.090831780504046
125,Colombia,2022-2030,cvd_stroke,ssp245,ssp585,27,97.9142478823661,687.629304104807,785.543551987173,11664.7608572969,101.330653709425,682.27740837761,783.608062087035,11636.1103611467,27,0.766556625291344,1.0670217659649,1.49671422937183,27,0.972207793684474,0.997225256569889,1.01288789781129,3.41640582705909,1.0348918150417,-5.35189572719685,0.992216888234331,-1.93548990013755,0.997536113821772,-28.6504961501523,0.997543841961215,0.124645218759258,0.129312929016509
125,Colombia,2022-2030,diabetes,ssp245,ssp585,27,85.1654331602068,254.434898820574,339.600331980781,5434.21271782041,87.8472430554851,251.928651448649,339.775894504134,5436.8643860369,27,0.799048017262378,1.05635223361642,1.42907954644201,27,0.95739937360089,1.00386270575629,1.02520529668255,2.68180989527833,1.03148941766354,-2.50624737192501,0.990149749961414,0.175562523353335,1.00051696805574,2.65166821648654,1.00048795811908,0.250781360146098,0.258544659807867
125,Colombia,2022-2030,inj_animal,ssp245,ssp585,27,0.216603327020597,-14.2402872989308,-14.0236839719102,-392.100472040082,0.190966369941107,-14.2324151450085,-14.0414487750674,-392.656301645142,27,0.565040401972666,0.919876221316986,1.41654660753453,0,,,,-0.0256369570794902,0.88164098201016,0.00787215392227125,,-0.0177648031572133,,-0.5558296050595,,-0.0154455368114726,-0.013600189909192
125,Colombia,2022-2030,inj_disaster,ssp245,ssp585,27,0.442255246438809,-17.3905946112512,-16.9483393648123,-694.708222233028,0.422103861946972,-17.3783590995169,-16.9562552375699,-695.10410608297,27,0.787709234116917,0.990609703127983,1.15990207673508,0,,,,-0.0201513844918375,0.954434945307934,0.0122355117342892,,-0.00791587275755745,,-0.395883849942152,,-0.0260943114790944,-0.024893695927136
125,Colombia,2022-2030,inj_drowning,ssp245,ssp585,27,5.5911364804172,-101.934739483749,-96.3436030033314,-4556.06392575135,5.52138430953116,-101.941569901424,-96.4201855918931,-4560.26377192355,27,0.894552413825813,0.994643060988261,1.08875776262966,0,,,,-0.0697521708860363,0.987524509349693,-0.00683041767561576,,-0.076582588561692,,-4.19984617220598,,-0.0580332923632082,-0.0572637801476644
125,Colombia,2022-2030,inj_homicide,ssp245,ssp585,27,238.116934258734,-334.426399576344,-96.3094653176106,-4347.53333141502,243.475306170412,-332.987965794674,-89.5126596242622,-4040.88208723083,27,0.847175754464332,1.0312825378022,1.31702299245729,0,,,,5.35837191167792,1.02250311145807,1.43843378167071,,6.79680569334845,,306.651244184184,,-2.47241466322618,-2.72000974155412
125,Colombia,2022-2030,inj_mech,ssp245,ssp585,27,4.89461683024235,-14.27523141093,-9.38061458068769,-366.225392164058,5.01751682476848,-14.1444164679628,-9.12689964319428,-356.421738482211,27,0.84523113299735,1.03529456682579,1.33944780866131,0,,,,0.122899994526128,1.02510921667387,0.130814942967271,,0.253714937493406,,9.80365368184636,,-0.521779973811005,-0.549750410426604
125,Colombia,2022-2030,inj_othunintent,ssp245,ssp585,27,0.259946940130871,-16.7436698711838,-16.4837229310529,-603.70161164824,0.237899051812239,-16.7208935256175,-16.4829944738053,-603.765457999427,27,0.661928218940463,0.938578277002296,1.28130399161824,0,,,,-0.0220478883186324,0.915183120418604,0.0227763455663066,,0.000728457247671344,,-0.0638463511868395,,-0.0157699168578701,-0.0144329995493421
125,Colombia,2022-2030,inj_suicide,ssp245,ssp585,27,40.4398611086648,-116.618559167844,-76.1786980591794,-3114.78845614258,41.1808499294896,-116.950544664208,-75.7696947347183,-3098.68931754451,27,0.852752545747799,1.03262673665388,1.27231464711133,0,,,,0.740988820824825,1.01832322862914,-0.331985496363814,,0.409003324461082,,16.0991385980778,,-0.530855240887014,-0.543500275059445
125,Colombia,2022-2030,inj_trans_other,ssp245,ssp585,27,1.98173999492423,-16.0511838417779,-14.0694438468537,-538.236398544005,2.02568398939718,-15.9309922055096,-13.9053082161124,-532.051634690248,27,0.850605378163915,1.03455744888793,1.3045935036747,0,,,,0.0439439944729498,1.02217445002145,0.120191636268332,,0.16413563074129,,6.18476385375709,,-0.140854181337622,-0.145677029082316
125,Colombia,2022-2030,inj_trans_road,ssp245,ssp585,27,145.107233621354,-80.7302303148309,64.3770033065233,2403.02572462818,148.937065051923,-79.3689139474637,69.568151104459,2594.68610438556,27,0.844970136850076,1.03891776109071,1.34822439265218,27,0.728528892014268,1.13079220454573,2.86455198041133,3.82983143056842,1.0263931117353,1.36131636736721,,5.19114779793566,1.08063667973513,191.660379757386,1.07975793924846,2.2540228057905,2.14088002465796
125,Colombia,2022-2030,lri,ssp245,ssp585,27,-24.4116328901562,543.114314695811,518.702681805655,10623.4489451009,-25.0421014047107,533.56556957438,508.523468169669,10424.0083464437,0,,,,27,0.870474241878545,0.984322129544262,1.06549625031287,-0.630468514554501,,-9.54874512143044,0.982418535356081,-10.1792136359853,0.980375629444308,-199.440598657146,0.981226379522526,-0.0470628623032696,-0.0492447310147648
125,Colombia,2022-2030,resp_copd,ssp245,ssp585,27,80.8097662394991,1349.89553139038,1430.70529762988,15788.5264993641,84.1692178587406,1341.19788923426,1425.367107093,15728.6975335105,27,0.77473033243847,1.07006000162085,1.55580230247848,27,0.954570288070994,0.997302942654834,1.01653107988858,3.3594516192415,1.04157234670479,-8.69764215611576,0.993556803505263,-5.33819053687421,0.996268839889167,-59.8289658535778,0.996210604842954,0.0564824680340315,0.059050905159725
125,Colombia,2031-2040,ckd,ssp245,ssp585,27,88.3747357978267,653.479596354436,741.854332152263,10510.1169487452,101.810672076915,636.647046927865,738.457719004781,10462.5865787775,27,0.866089050131364,1.15139126290617,1.36735084649764,27,0.980979071729551,0.993397528306554,1.01431960494456,13.4359362790886,1.15203367973655,-16.8325494265704,0.97424166030512,-3.39661314748219,0.995421455398625,-47.5303699676606,0.995477655462879,0.119126804235859,0.13786933152263
125,Colombia,2031-2040,cvd_cmp,ssp245,ssp585,27,-20.8949578234055,27.8371347846179,6.94217696121241,126.026521089353,-22.8076500230779,26.3083746270142,3.50072460393633,65.0542569589997,0,,,,20,0.272895246311588,0.650510364274808,1.46027852290364,-1.91269219967242,,-1.52876015760368,0.945081986007826,-3.44145235727609,0.504268995661693,-60.9722641303532,0.516194975443908,-3.00985669771176,-6.51512261131087
125,Colombia,2031-2040,cvd_htn,ssp245,ssp585,27,21.2904313052788,402.436648252377,423.727079557656,4931.05732823222,26.4247673954781,394.26454387516,420.689311270638,4895.72976404214,27,0.793013392192365,1.2579183469055,1.67594481399124,27,0.979198323268219,0.992697467933157,1.01869885049572,5.13433609019934,1.24115697876568,-8.17210437721701,0.979693438923355,-3.0377682870178,0.992830837504676,-35.3275641900791,0.992835701992793,0.0502456234978058,0.0628130230256279
125,Colombia,2031-2040,cvd_ihd,ssp245,ssp585,27,343.596761641738,2505.54867056458,2849.14543220632,36793.2302443115,410.568248032505,2468.86704915252,2879.43529718503,37183.4501075481,27,0.835702261940695,1.21219553199206,1.49412639654347,27,0.990294029033977,1.01046255950439,1.04345906491248,66.9714863907673,1.19491303139986,-36.6816214120572,0.985359844794477,30.2898649787103,1.01063121055048,390.219863236584,1.01060575167349,0.12059642788247,0.142586377417087
125,Colombia,2031-2040,cvd_stroke,ssp245,ssp585,27,137.998524571637,774.248819572569,912.247344144207,13137.9919788384,158.861952185391,753.879008459113,912.740960644505,13144.9209141235,27,0.869688784757059,1.15369675529165,1.35364213076749,27,0.98143410124489,0.999529246486082,1.03056282276238,20.8634276137537,1.15118587447595,-20.369811113456,0.973690872238331,0.493616500298003,1.00054109941067,6.92893528513014,1.00052739682718,0.151273144786293,0.174049329475929
125,Colombia,2031-2040,diabetes,ssp245,ssp585,27,122.911529115681,301.35370870431,424.26523781999,6401.26552163414,138.983841353565,292.207165388772,431.191006742337,6504.81092376559,27,0.883499396593584,1.13133551711849,1.29989078893679,27,0.981345665561522,1.01572319647342,1.06830625853153,16.0723122378845,1.13076325999295,-9.146543315538,0.969648479340559,6.92576892234655,1.01632414891669,103.545402131444,1.01617577052248,0.289704454098666,0.32232546407587
125,Colombia,2031-2040,inj_animal,ssp245,ssp585,27,0.18878499168355,-18.0897343096367,-17.9009493179532,-440.637821223397,0.171243651560618,-17.8844329126837,-17.7131892611231,-436.107060620859,27,0.696236111517414,0.873693795232427,1.3233117792603,0,,,,-0.0175413401229322,0.907082973246433,0.205301396953033,,0.187760056830097,,4.53076060253841,,-0.0105460882733305,-0.00966757871979968
125,Colombia,2031-2040,inj_disaster,ssp245,ssp585,27,0.300159225951296,-18.0999970287343,-17.799837802783,-686.20973894738,0.302970808444741,-17.8960252252646,-17.5930544168198,-678.312028293373,27,0.860953658346858,1.01195513624167,1.27155830739909,0,,,,0.00281158249344454,1.00936697009573,0.203971803469727,,0.206783385963174,,7.89771065400646,,-0.0168630315218022,-0.0172210465145317
125,Colombia,2031-2040,inj_drowning,ssp245,ssp585,27,4.48574382724926,-88.0166416628592,-83.53089783561,-3685.80249143308,4.74906578288136,-87.1083688050653,-82.3593030221839,-3634.9526190622,27,0.969694480094575,1.0575162146481,1.13199285590653,0,,,,0.263321955632106,1.05870196020391,0.90827285779396,,1.17159481342607,,50.8498723708767,,-0.0537016115411242,-0.0576627728576355
125,Colombia,2031-2040,inj_homicide,ssp245,ssp585,27,214.780388705462,-292.476375644435,-77.6959869389729,-3454.53898340242,235.249942174955,-287.518415207474,-52.2684730325182,-2323.58989684248,27,0.902730521850231,1.09822958293709,1.22375232353735,2,2.84951369641225,3.00180675644869,3.15409981648514,20.4695534694933,1.09530457409482,4.95796043696146,,25.4275139064547,,1130.94908655994,,-2.76436914140963,-4.50079997608878
125,Colombia,2031-2040,inj_mech,ssp245,ssp585,27,4.89744505573029,-13.2382968236612,-8.34085176793092,-310.847706556992,5.38050453487491,-12.8825510303598,-7.50204649548485,-279.852453884427,27,0.898996229021044,1.10365237725211,1.22806579943811,0,,,,0.483059479144619,1.0986349971562,0.355745793301452,,0.838805272446069,,30.9952526725642,,-0.587163660498091,-0.717204903770351
125,Colombia,2031-2040,inj_othunintent,ssp245,ssp585,27,0.157480038425607,-14.2411559668605,-14.0836759284349,-463.197354906529,0.150121773366726,-14.0525565523436,-13.9024347789769,-457.347965989149,27,0.838976883559969,0.928581581244689,1.20800021375729,0,,,,-0.00735826505888135,0.953274934827011,0.188599414516954,,0.181241149458073,,5.84938891738017,,-0.0111817425525714,-0.0107982361185926
125,Colombia,2031-2040,inj_suicide,ssp245,ssp585,27,41.6322628137834,-118.245831901301,-76.6135690875179,-3005.95770050916,45.4883110404694,-117.624357198006,-72.1360461575367,-2831.35762900364,27,0.912973025409365,1.09623638912005,1.20686196501634,0,,,,3.85604822668601,1.0926216344265,0.621474703295192,,4.47752292998115,,174.600071505518,,-0.543405865431301,-0.63059057799104
125,Colombia,2031-2040,inj_trans_other,ssp245,ssp585,27,2.19218893068469,-16.552857076642,-14.3606681459573,-521.999797735739,2.40151860910942,-16.1046442414006,-13.7031256322911,-498.235442428853,27,0.907096551281008,1.09958356516813,1.21413506511625,0,,,,0.209329678424733,1.09548888578657,0.44821283524141,,0.657542513666142,,23.7643553068864,,-0.152652293640099,-0.175253345371825
125,Colombia,2031-2040,inj_trans_road,ssp245,ssp585,27,156.067309603238,-82.504872632887,73.5624369703514,2615.40001599585,171.593124343076,-79.0216832914842,92.5714410515916,3288.26453256258,27,0.898392276531939,1.10583477185883,1.22813546523105,27,0.717269054310876,1.2709002187071,1.83654528436788,15.5258147398375,1.09948152998413,3.48318934140272,,19.0090040812403,1.2584063941343,672.864516566739,1.25727021199491,2.12156252607754,1.85362917973205
125,Colombia,2031-2040,lri,ssp245,ssp585,27,-30.3140614741904,647.256549449865,616.942487975674,10600.738462814,-27.3821527612308,617.871594525359,590.489441764128,10153.4242150757,0,,,,27,0.90932323610946,0.952924944530524,1.05232344678295,2.93190871295953,,-29.3849549245055,0.954600760781052,-26.4530462115457,0.957122346528047,-447.314247738206,0.9578034823416,-0.049135960101658,-0.0463719599785302
125,Colombia,2031-2040,resp_copd,ssp245,ssp585,27,145.073831350113,1897.22543378235,2042.29926513246,22574.325479134,166.351883460481,1854.12777233087,2020.47965579135,22333.3681321383,27,0.86690112856097,1.14827729255697,1.35127991094599,27,0.974219364215839,0.989689186446855,1.0204954218172,21.2780521103685,1.14667050502731,-43.0976614514759,0.977283847937061,-21.819609341107,0.989316154731274,-240.957346995689,0.989326044438475,0.0710345608143299,0.0823328673385366
125,Colombia,2041-2050,ckd,ssp245,ssp585,27,165.403630748467,930.640600849409,1096.04423159788,14815.1081903123,211.202508422291,876.630968607542,1087.83347702983,14705.1484537976,27,1.12626509803665,1.26333127833968,1.52750058175746,27,0.970872514354327,0.993570669324636,1.01498333258665,45.7988776738242,1.27689161033878,-54.0096322418674,0.94196510211077,-8.21075456804306,0.99250873794019,-109.959736514762,0.992577864764655,0.150909631180971,0.194149668016237
125,Colombia,2041-2050,cvd_cmp,ssp245,ssp585,27,-28.308944233748,29.5546159296802,1.24567169593216,22.4022815758694,-33.1230425924541,26.1427537033364,-6.98028888911769,-114.067708689141,0,,,,8,0.0262061000299708,0.0836052864119814,0.705910652326082,-4.81409835870604,,-3.41186222634381,0.884557382357405,-8.22596058504986,,-136.469990265011,,-22.7258468874207,4.74522517887377
125,Colombia,2041-2050,cvd_htn,ssp245,ssp585,27,44.5286055708905,568.793446560331,613.322052131221,7155.90943932079,63.60094602762,542.087020535945,605.687966563565,7066.87681860159,27,1.18175509950883,1.39806977419692,1.81897858491589,27,0.967941438789691,0.987135676399862,1.01034396213015,19.0723404567295,1.42831658912754,-26.7064260243859,0.953047233251565,-7.63408556765626,0.987552892414142,-89.0326207192056,0.98755816832589,0.072602322737555,0.105006124504118
125,Colombia,2041-2050,cvd_ihd,ssp245,ssp585,27,534.751503625207,2801.46765656009,3336.21916018529,42111.5010582483,724.818321233645,2702.49985116886,3427.3181724025,43262.4374591135,27,1.15703311996966,1.33126223919978,1.66865105677373,27,0.998642391846807,1.02736046225224,1.0623093249708,190.066817608438,1.35543016956461,-98.967805391228,0.964672872392626,91.0990122172093,1.02730606349379,1150.93640086517,1.02733069047511,0.160286683203242,0.211482647590188
125,Colombia,2041-2050,cvd_stroke,ssp245,ssp585,27,189.553731473703,818.921265939091,1008.47499741279,14226.9441494905,246.713828299273,768.971408254604,1015.68523655388,14329.1276349254,27,1.13094629852312,1.27263141329751,1.5602191840566,27,0.977273816634806,1.00922370478909,1.02567799690815,57.1600968255692,1.30155089209362,-49.9498576844865,0.939005299090375,7.21023914108275,1.00714964591049,102.183485434894,1.00718239169011,0.18796076448102,0.242903824354432
125,Colombia,2041-2050,diabetes,ssp245,ssp585,27,179.013073734164,343.368111452657,522.381185186822,7454.76559502656,225.345816036725,320.053699015832,545.399515052557,7782.71775035318,27,1.11489431191967,1.24253788999299,1.48745447661047,27,1.00201268927217,1.04549495437573,1.10308843148391,46.3327423025614,1.25882323193537,-23.3144124368255,0.932100822239458,23.018329865736,1.04406423990463,327.952155326614,1.04399228267424,0.342686679402787,0.413175680977659
125,Colombia,2041-2050,inj_animal,ssp245,ssp585,27,0.227243035359903,-23.0988223702887,-22.8715793349288,-501.024394193051,0.190552452852444,-22.415848256136,-22.2252958032836,-486.816714629351,27,0.619873703689979,0.829439003042839,1.03055413809139,0,,,,-0.0366905825074594,0.838540343164535,0.682974114152696,,0.646283531645235,,14.2076795636995,,-0.00993560750799853,-0.0085736745435933
125,Colombia,2041-2050,inj_disaster,ssp245,ssp585,27,0.245195036554255,-17.5547735506011,-17.3095785140469,-625.058909252399,0.22581174975679,-17.02158209425,-16.7957703444932,-606.512511298966,27,0.506380655077939,0.939955011756916,1.24320630331185,0,,,,-0.0193832867974648,0.9209474748353,0.533191456351162,,0.513808169553695,,18.5463979534331,,-0.0141652805904706,-0.0134445604533303
125,Colombia,2041-2050,inj_drowning,ssp245,ssp585,27,4.04273234219968,-75.9761427840846,-71.933410441885,-2910.5640572177,4.60304654779736,-73.7616723276725,-69.1586257798752,-2799.08023453079,27,1.04949236279216,1.12291886380267,1.2777013150213,0,,,,0.560314205597686,1.13859789819596,2.21447045641209,,2.77478466200978,,111.483822686909,,-0.0562010381179661,-0.0665578081676809
125,Colombia,2041-2050,inj_homicide,ssp245,ssp585,27,198.825444498765,-243.561000197755,-44.7355556989898,-1945.76108393556,238.664506867797,-234.748074246278,3.91643262151894,182.279381450232,27,1.06981427101958,1.17987378087254,1.38010659303264,5,2.02024976610223,2.9354463015344,6.66362529090614,39.8390623690317,1.20037205232693,8.81292595147704,,48.6519883205088,,2128.04046538579,,-4.44446126558913,60.9392602738648
125,Colombia,2041-2050,inj_mech,ssp245,ssp585,27,5.14809615454719,-12.0436094888072,-6.89551333425996,-242.549139500135,6.20150477025878,-11.3356159356972,-5.13411116543846,-180.870737225659,27,1.07783987086401,1.19041458612827,1.38793610091421,0,,,,1.05340861571158,1.20462100630757,0.707993553109912,,1.7614021688215,,61.6784022744762,,-0.746586353327631,-1.20790231656956
125,Colombia,2041-2050,inj_othunintent,ssp245,ssp585,27,0.111285697217576,-12.2064094378274,-12.0951237406098,-346.069826259158,0.101554951449404,-11.7763241919966,-11.6747692405472,-334.117762450163,27,0.766055965080381,0.903371820036338,1.12307380846583,0,,,,-0.00973074576817226,0.912560679301424,0.430085245830815,,0.420354500062636,,11.9520638089948,,-0.00920087298023505,-0.0086986688436374
125,Colombia,2041-2050,inj_suicide,ssp245,ssp585,27,45.5548991429179,-118.21201498959,-72.6571158466721,-2730.9286987216,54.3653994450113,-115.8559074213,-61.4905079762886,-2312.494328758,27,1.07911448679214,1.17889440599329,1.37006117975411,0,,,,8.81050030209341,1.19340401291313,2.35610756829014,,11.1666078703835,,418.4343699636,,-0.626984688451606,-0.884126692626693
125,Colombia,2041-2050,inj_trans_other,ssp245,ssp585,27,2.52398951751231,-16.5675023834135,-14.0435128659012,-481.451557490536,3.02276232213771,-15.5460324057103,-12.5232700835726,-429.3408258246,27,1.08074218392361,1.18397853391006,1.37638717456411,0,,,,0.498772804625407,1.19761286691753,1.02146997770314,,1.52024278232855,,52.1107316659351,,-0.17972636487846,-0.241371646699756
125,Colombia,2041-2050,inj_trans_road,ssp245,ssp585,27,175.948357813207,-81.4925005677599,94.455857245447,3210.88035439175,211.89123445871,-74.7110631982574,137.180171260453,4663.05754220893,27,1.08073164041282,1.19355940876716,1.38775081995546,27,1.20410756338828,1.44862335068605,2.25887097254391,35.9428766455036,1.2042808304222,6.7814373695025,,42.7243140150061,1.45232043052646,1452.17718781718,1.45226761122722,1.86275751387231,1.54461998779991
125,Colombia,2041-2050,lri,ssp245,ssp585,27,-33.0803013392802,772.931149439998,739.850848100718,11110.7394487792,-12.2620521845003,696.280358447237,684.018306262736,10273.0831828975,1,29.5254796419376,29.5254796419376,29.5254796419376,27,0.855708690147038,0.92322226107261,0.969216063412451,20.8182491547799,,-76.6507909927617,0.900831023502809,-55.8325418379822,0.924535408749871,-837.656265881618,0.924608414251523,-0.044712121942147,-0.0179264971013661
125,Colombia,2041-2050,resp_copd,ssp245,ssp585,27,262.943084347959,2644.24431435677,2907.18739870473,32227.545613288,334.092078582211,2508.39098082615,2842.48305940836,31509.9481274397,27,1.12240275533913,1.26209458794093,1.51136439000797,27,0.953686065990963,0.977763026967879,1.00351034258834,71.1489942342523,1.27058705274826,-135.853333530626,0.948623002499044,-64.7043392963733,0.977743320115792,-717.59748584827,0.977733411831635,0.0904458668419897,0.117535292770311
135,Brazil,2022-2030,ckd,ssp245,ssp585,27,223.494897234672,1221.44523881318,1444.94013604785,23463.4382462715,231.669527828655,1211.57306751909,1443.24259534774,23433.7347490937,27,0.777101431260631,1.04794237987173,1.27170609845785,27,0.936903836389259,0.994199339868252,1.08552361386131,8.17463059398273,1.03657636346569,-9.87217129409396,0.991917630868424,-1.69754070011186,0.998825182678672,-29.7034971778412,0.998734051810051,0.15467415684498,0.160520156885222
135,Brazil,2022-2030,cvd_cmp,ssp245,ssp585,27,-106.098269999683,392.422376012834,286.324106013151,5594.89418357603,-106.950610145608,390.925823007246,283.975212861638,5549.69931796746,0,,,,27,0.777922127165235,0.99149717130832,1.25426058932854,-0.852340145925197,,-1.49655300558788,0.99618637188635,-2.34889315151287,0.991796383531169,-45.194865608576,0.991922123256371,-0.370553047303707,-0.376619526288436
135,Brazil,2022-2030,cvd_htn,ssp245,ssp585,27,11.7403013580745,1088.70664259773,1100.4469439558,15272.155535936,14.7395074865379,1080.01706148056,1094.75656896709,15190.5648087011,17,0.387139901426869,1.09022554947001,11.0326958061713,27,0.943580771574924,0.99668601728341,1.07042482712556,2.99920612846335,1.25546244827869,-8.6895811171712,0.992018436576783,-5.69037498870694,0.994829032858003,-81.590727234985,0.99465755000707,0.0106686664200924,0.0134637305720345
135,Brazil,2022-2030,cvd_ihd,ssp245,ssp585,27,473.317762986832,5058.53523323312,5531.85299621995,91501.9484851575,496.575618052127,5035.70051397146,5532.27613202358,91500.1906092444,27,0.660647304398812,1.09118940458818,1.50850085066504,27,0.933883363436737,1.00009077275523,1.08461802992246,23.2578550652957,1.04913792991526,-22.8347192616602,0.995485902893066,0.423135803636797,1.0000764907896,-1.75787591305561,0.999980788650492,0.0855622452928994,0.0897597311127872
135,Brazil,2022-2030,cvd_stroke,ssp245,ssp585,27,824.513612659255,2422.22949960645,3246.7431122657,50465.8977766131,848.316301517141,2399.82907892281,3248.14538043995,50482.5415666656,27,0.803239560642421,1.0416448236076,1.2341712885893,27,0.918524977095674,0.99190742144998,1.09684501973012,23.8026888578853,1.02886876395056,-22.4004206836326,0.990752147685728,1.40226817425128,1.00043189994581,16.6437900525489,1.00032980271403,0.253950985387285,0.261169437373594
135,Brazil,2022-2030,diabetes,ssp245,ssp585,27,831.438749233972,1321.01130601849,2152.45005525246,34492.9128939669,853.549012727077,1306.61749279531,2160.16650552238,34613.0627966381,27,0.820445771705325,1.03502082420308,1.20092128346315,27,0.898516420411484,1.00612240658691,1.12208881985862,22.1102634931051,1.02659277488988,-14.3938132231801,0.98910394395748,7.71645026992655,1.00358496135652,120.149902671168,1.00348332143013,0.386275512969547,0.395131120932119
135,Brazil,2022-2030,inj_animal,ssp245,ssp585,27,7.17484215408191,-40.5420976909128,-33.3672555368308,-889.209582029681,7.26062080611449,-40.2616982684091,-33.0010774622946,-879.576004374937,27,0.957309081379016,0.999825756824393,1.1277852151187,0,,,,0.085778652032575,1.01195547584051,0.280399422503706,,0.366178074536286,,9.63357765474393,,-0.215026439503312,-0.22001162884485
135,Brazil,2022-2030,inj_disaster,ssp245,ssp585,27,2.61971180515983,-14.2489926594258,-11.6292808542659,-453.380654795809,2.64207478300688,-14.1673947116172,-11.5253199286103,-449.370069110096,27,0.961261719784308,1.00700975177374,1.12991273606775,0,,,,0.0223629778470493,1.00853642671801,0.0815979478085982,,0.103960925655647,,4.0105856857129,,-0.2252685989778,-0.229240906054871
135,Brazil,2022-2030,inj_drowning,ssp245,ssp585,27,107.017037717576,-476.290179313909,-369.273141596332,-15842.1282938018,108.378308900186,-473.776754643431,-365.398445743245,-15676.4644836292,27,0.964451079234683,0.997097305012145,1.09068917567471,0,,,,1.36127118261028,1.01272013514524,2.51342467047715,,3.87469585308725,,165.663810172595,,-0.289804552952191,-0.29660309222098
135,Brazil,2022-2030,inj_homicide,ssp245,ssp585,27,1000.39731803299,-1129.81021043149,-129.412892398505,-5805.0551471927,1017.89519206395,-1129.41340333135,-111.518211267396,-4988.14603069174,27,0.859134412814335,1.01799147447404,1.16253031391141,5,0.409313646895748,0.672752415466008,1.12594912757845,17.4978740309633,1.01749092457122,0.396807100145224,,17.8946811311088,,816.909116500961,,-7.73027555054125,-9.12761405061693
135,Brazil,2022-2030,inj_mech,ssp245,ssp585,27,27.6839536286334,-40.0158492674021,-12.3318956387687,-479.806054725175,28.1919297879494,-39.7871152627718,-11.5951854748224,-451.252919987627,27,0.856276584217055,1.01842965010377,1.16293608449301,0,,,,0.507976159316009,1.01834911899255,0.22873400463034,,0.736710163946359,,28.5531347375479,,-2.2449065771852,-2.43134789427604
135,Brazil,2022-2030,inj_othunintent,ssp245,ssp585,27,20.7515008899057,-121.682108895964,-100.930608006058,-3185.02504198,20.9835968530018,-120.934531815452,-99.9509349624498,-3154.58482080345,27,0.95659957469415,1.00921167910978,1.11865686920231,0,,,,0.232095963096114,1.01118453861855,0.747577080512187,,0.979673043608301,,30.440221176546,,-0.205601663359247,-0.209938975167016
135,Brazil,2022-2030,inj_suicide,ssp245,ssp585,27,261.031950508971,-516.151162385662,-255.119211876691,-9502.58369517388,265.532574129927,-515.045591966776,-249.513017836849,-9293.4424440785,27,0.886213981295952,1.02299602585764,1.13352505964216,0,,,,4.50062362095588,1.01724165801229,1.10557041888592,,5.60619403984194,,209.14125109538,,-1.02317637542381,-1.06420328859776
135,Brazil,2022-2030,inj_trans_other,ssp245,ssp585,27,10.1931711652505,-29.4653808266799,-19.2722096614294,-702.694236709984,10.3698784318079,-29.1802481669526,-18.8103697351446,-685.870859460464,27,0.882730972304265,1.01880498018809,1.13131614663466,0,,,,0.176707266557425,1.01733584805873,0.285132659727363,,0.461839926284796,,16.8233772495198,,-0.528905161593935,-0.551285199484051
135,Brazil,2022-2030,inj_trans_road,ssp245,ssp585,27,673.500048796368,-335.879017270934,337.621031525434,12623.9652712633,686.855888309412,-338.972370835944,347.883517473468,13008.133867635,27,0.835128969721308,1.02240268483557,1.19359430776227,27,0.748474436625772,1.03934095855082,1.34173219841849,13.3558395130436,1.01983049524185,-3.09335356500947,,10.2624859480344,1.03039646523697,384.168596371701,1.03043168989432,1.99484032660339,1.97438468283223
135,Brazil,2022-2030,lri,ssp245,ssp585,27,601.029873114013,2018.94568826276,2619.97556137677,41232.3091787295,624.878921391927,1982.74349385982,2607.62241525174,41043.2249334909,27,0.888888782564793,1.01884050280795,1.32850523124946,27,0.909109586855079,0.987909207071081,1.12825539238215,23.8490482779137,1.03968030433221,-36.2021944029436,0.982068762615356,-12.3531461250313,0.995285014750847,-189.084245238606,0.995414172793016,0.229402854734331,0.239635507708888
135,Brazil,2022-2030,resp_copd,ssp245,ssp585,27,181.403292745336,2388.93398630815,2570.33727905348,34365.4916807309,189.22206597051,2366.7493395497,2555.97140552021,34167.187890978,27,0.717270558431518,1.05769505650762,1.38493713249334,27,0.939958234792138,0.996786102398718,1.07184532358713,7.81877322517445,1.04310160585757,-22.1846467584514,0.990713578991467,-14.3658735332765,0.99441089943707,-198.303789752885,0.994229566345356,0.070575676672338,0.0740313704456324
135,Brazil,2031-2040,ckd,ssp245,ssp585,27,423.774469975713,1735.48947187861,2159.26394185432,33377.2151750645,479.445484584478,1675.66043694975,2155.10592153423,33313.8033953934,27,0.935948993542491,1.15042553744002,1.25978780761605,27,0.89952602377234,0.996907654274955,1.0728787606102,55.6710146087641,1.1313694395322,-59.8290349288564,0.965526132023092,-4.15802032009151,0.998074334387986,-63.4117796711289,0.99810014768043,0.196258762887406,0.222469568569121
135,Brazil,2031-2040,cvd_cmp,ssp245,ssp585,27,-141.088755578091,467.65607349037,326.567317912278,6003.15563166449,-154.538678969223,461.627192349847,307.088513380624,5648.58914220064,0,,,,27,0.68511611132869,0.929324011725941,1.4068690015547,-13.4499233911313,,-6.02888114052297,0.987108301415769,-19.4788045316543,0.940352866122119,-354.566489463851,0.940936648786242,-0.43203574834145,-0.503238226881114
135,Brazil,2031-2040,cvd_htn,ssp245,ssp585,27,66.7216443362211,1518.93759976778,1585.659244104,21817.4618726073,91.3987981837281,1462.34493625232,1553.74373443605,21379.5779148875,27,0.62054200493633,1.49338589798354,21.6993798634462,27,0.876584105673428,0.976482733037095,1.07650609211715,24.677153847507,1.36985230344676,-56.5926635154544,0.962741943102793,-31.9155096679476,0.979872403363699,-437.883957719863,0.979929656333231,0.0420781732167955,0.0588248860851576
135,Brazil,2031-2040,cvd_ihd,ssp245,ssp585,27,788.46603948327,5507.68783324487,6296.15387272814,100786.124211117,933.189466436433,5368.9518911531,6302.14135758954,100882.60914709,27,0.864418072130444,1.19947994686755,1.44556379690381,27,0.927585391160316,1.0011629971354,1.06768502326514,144.723426953164,1.18355061563338,-138.735942091763,0.974810492843414,5.98748486140084,1.00095097498924,96.484935973087,1.00095732360708,0.125229791936712,0.14807498173817
135,Brazil,2031-2040,cvd_stroke,ssp245,ssp585,27,1120.59722083449,2586.74346526977,3707.34068610426,55979.6025823694,1252.27143879195,2471.47228421233,3723.74372300428,56225.0871521121,27,0.942182415980134,1.13231737389051,1.2427125157671,27,0.90891933556834,1.00401548628993,1.09066158205375,131.674217957461,1.11750360924455,-115.271181057439,0.955437722137855,16.4030369000229,1.00442447519364,245.484569742694,1.00438525031294,0.302264430413605,0.33629366893746
135,Brazil,2031-2040,diabetes,ssp245,ssp585,27,1225.61304089355,1574.51634009585,2800.1293809894,42926.4352011107,1358.32867358919,1506.86944733441,2865.1981209236,43914.0343635127,27,0.946801052978109,1.1265713443096,1.23134064103984,27,0.954445653358462,1.02700576174321,1.10189313217787,132.715632695634,1.10828510163279,-67.6468927614387,0.957036398391826,65.0687399341955,1.02323776193199,987.599162402046,1.02300678259853,0.437698718214403,0.474078446327938
135,Brazil,2031-2040,inj_animal,ssp245,ssp585,27,9.27986987797398,-51.9007747102735,-42.6209048322995,-1041.95539944555,9.61294699398125,-50.2827483285166,-40.6698013345353,-995.065822297098,27,0.930781093512642,1.01860084131539,1.36228736676712,0,,,,0.333077116007269,1.03589243387969,1.6180263817569,,1.95110349776419,,46.8895771484548,,-0.217730475560936,-0.236365722933057
135,Brazil,2031-2040,inj_disaster,ssp245,ssp585,27,2.50394771013752,-14.1456361665461,-11.6416884564086,-428.479460440383,2.58394318001392,-13.6899755996248,-11.1060324196109,-409.018146881753,27,0.922577690039763,1.02009425539959,1.3933889554285,0,,,,0.0799954698764087,1.03194773978408,0.45566056692126,,0.535656036797676,,19.4613135586296,,-0.215084583264133,-0.232661231516957
135,Brazil,2031-2040,inj_drowning,ssp245,ssp585,27,100.134061121159,-430.306011744316,-330.171950623157,-13762.7569884108,104.945888493353,-418.267188079542,-313.321299586189,-13065.3060950144,27,0.953203363023131,1.04386252934053,1.23012305784906,0,,,,4.81182737219353,1.04805385218893,12.0388236647735,,16.8506510369672,,697.450893396446,,-0.303278521788933,-0.334946550496112
135,Brazil,2031-2040,inj_homicide,ssp245,ssp585,27,1033.1790089496,-1082.23752269334,-49.0585137437419,-2205.59615340971,1121.8854308375,-1080.12064382256,41.7647870149336,1948.39005633892,27,0.951301540679208,1.09302838246067,1.22291664387665,7,1.07648808681383,1.50043756986189,2.34050596651004,88.7064218879029,1.08585774693399,2.11687887077346,,90.8233007586754,,4153.98620974863,,-21.0601367653824,26.861993344689
135,Brazil,2031-2040,inj_mech,ssp245,ssp585,27,29.3476866865315,-38.0307655501987,-8.68307886366724,-330.610493186272,31.9036188718023,-37.0793560805735,-5.17573720877116,-198.161937214606,27,0.95604559167015,1.09756455994447,1.20424122219123,4,1.26153751863179,1.94425443281959,16.7957745375157,2.55593218527083,1.08709143628836,0.951409469625233,,3.50734165489608,,132.448555971666,,-3.37987102815932,-6.1640723987563
135,Brazil,2031-2040,inj_othunintent,ssp245,ssp585,27,19.1115423648923,-110.327418188537,-91.215875823645,-2655.65250959594,19.731938389326,-106.649223564465,-86.9172851751392,-2533.06902501632,27,0.930101073913715,1.01844234834886,1.34808916919042,0,,,,0.620396024433699,1.03246185015257,3.67819462407219,,4.29859064850585,,122.583484579618,,-0.209519912979208,-0.227019727428968
135,Brazil,2031-2040,inj_suicide,ssp245,ssp585,27,292.245362552544,-541.037686649195,-248.792324096651,-9128.91665239087,315.104601178889,-534.778599102826,-219.673997923938,-8063.61769872144,27,0.968038575402133,1.09037395695908,1.18854812614039,0,,,,22.8592386263444,1.07821933743169,6.25908754636896,,29.1183261727133,,1065.29895366943,,-1.17465586453951,-1.43441920371474
135,Brazil,2031-2040,inj_trans_other,ssp245,ssp585,27,11.7976403887828,-30.5853525332698,-18.787712144487,-671.093755549072,12.7139678589946,-29.4955799695973,-16.7816121106027,-599.898734407049,27,0.974144829477517,1.08427319291527,1.16442129879046,0,,,,0.916327470211733,1.07767040187824,1.08977256367251,,2.00610003388425,,71.1950211420237,,-0.627944493616522,-0.757613021633471
135,Brazil,2031-2040,inj_trans_road,ssp245,ssp585,27,783.136272146365,-385.533279952393,397.602992193972,14695.2663035754,858.501663020613,-400.705626341695,457.796036678919,16916.8613571746,27,0.910905679170946,1.09517508739814,1.25623775166959,27,0.734005827312297,1.17665227795512,1.53398512751821,75.3653908742481,1.0962353469693,-15.1723463893019,,60.1930444849464,1.15138981764901,2221.59505359925,1.1511775974457,1.96964380933106,1.87529291264427
135,Brazil,2031-2040,lri,ssp245,ssp585,27,935.791706632036,2469.35002988873,3405.14173652076,48442.3950633106,1050.87840001549,2288.72954393989,3339.60794395538,47512.5704897358,27,0.902391918714683,1.09495595616778,1.53965256227357,27,0.774229508509578,0.97587506965922,1.13225739875752,115.086693383455,1.12298323715398,-180.620485948833,0.926855049400602,-65.5337925653776,0.980754459685917,-929.824573574762,0.980805561484738,0.274817255503787,0.314671188250572
135,Brazil,2031-2040,resp_copd,ssp245,ssp585,27,334.408432904296,3010.68924609839,3345.09767900268,43765.3770348892,387.381746431045,2879.04769637723,3266.42944280828,42740.442937319,27,0.916114942920786,1.16446348224676,1.36598399926897,27,0.860050222501502,0.977434434448171,1.08426588001955,52.9733135267487,1.15840902415852,-131.641549721156,0.956275278196927,-78.6682361944081,0.976482529437567,-1024.93409757024,0.976581166049291,0.0999697064164647,0.118594861212737
135,Brazil,2041-2050,ckd,ssp245,ssp585,27,754.52821695191,2353.79248174223,3108.32069869414,45828.8214302241,934.638147187253,2235.68908981679,3170.32723700404,46741.5504726357,27,1.02581514701742,1.25797452733956,1.49342585011393,27,0.959461706978361,1.02333410268395,1.06820391352702,180.109930235344,1.23870536076562,-118.103391925437,0.949824212269546,62.0065383099077,1.01994856526096,912.729042411593,1.01991604876423,0.242744648989694,0.294808099390549
135,Brazil,2041-2050,cvd_cmp,ssp245,ssp585,27,-191.595713592575,531.958088994873,340.362375402297,5913.88332979087,-238.260418369516,522.175892843678,283.915474474162,4938.06139618499,0,,,,27,0.335372205499367,0.843162909993375,1.01290399014271,-46.6647047769408,,-9.7821961511944,0.981610964559863,-56.446900928135,0.83415646085612,-975.821933605873,0.834994726952048,-0.56291684228057,-0.839194900562557
135,Brazil,2041-2050,cvd_htn,ssp245,ssp585,27,171.994969792378,1992.55635579158,2164.55132558396,29416.6758537853,256.295936360311,1870.47475057829,2126.7706869386,28902.4080197251,27,1.10163113858477,1.53247841784001,2.56567745614788,27,0.917810291796529,0.984133280104526,1.06324873209681,84.300966567933,1.4901362328776,-122.081605213287,0.938731165691528,-37.7806386453544,0.982545741374295,-514.267834060193,0.982517812800592,0.0794598713181248,0.120509436176797
135,Brazil,2041-2050,cvd_ihd,ssp245,ssp585,27,1121.38391079207,5550.86260876958,6672.24651956165,103323.572378004,1491.20908451169,5324.79563963529,6816.00472414698,105548.353727884,27,1.04922114055261,1.37128249413359,1.77058804718509,27,0.965354583621348,1.02134710633569,1.05984999017821,369.825173719624,1.32979354363878,-226.066969134292,0.959273542678369,143.758204585333,1.02154569741449,2224.78134988034,1.02153217604344,0.168066918316702,0.218780523908501
135,Brazil,2041-2050,cvd_stroke,ssp245,ssp585,27,1412.0084501198,2536.16629361987,3948.17474373968,58229.3547177064,1737.69359147776,2361.49515258048,4099.18874405824,60454.3378003111,27,1.02565419078392,1.26060596282094,1.46784662658898,27,0.951570102959315,1.03396567675503,1.09466587340547,325.685141357953,1.23065381891328,-174.671141039393,0.9311278832627,151.01400031856,1.03824906700445,2224.9830826047,1.0382106773017,0.357635753675472,0.423911583480155
135,Brazil,2041-2050,diabetes,ssp245,ssp585,27,1724.51921660264,1764.45303908187,3488.97225568451,50968.1100828791,2091.76880093358,1655.90767374435,3747.67647467793,54741.2784378594,27,1.02362907890088,1.23152199967679,1.42658887053354,27,0.991097279637908,1.07484320043,1.14381596141138,367.249584330936,1.21295766425522,-108.545365337521,0.93848214549592,258.704218993413,1.07414911900544,3773.16835498031,1.0740299836279,0.49427713671065,0.558150847616413
135,Brazil,2041-2050,inj_animal,ssp245,ssp585,27,11.7974540582828,-64.1300888915627,-52.3326348332798,-1179.68084272589,12.3992843090857,-60.3695514287522,-47.9702671196665,-1081.54442359333,27,0.906523507932974,1.03957285101107,1.21470427476099,0,,,,0.601830250802813,1.05101357020164,3.76053746281052,,4.3623677136133,,98.136419132559,,-0.225432067310712,-0.258478533758306
135,Brazil,2041-2050,inj_disaster,ssp245,ssp585,27,2.47797076393957,-13.4004560469435,-10.9224852830039,-378.804579817468,2.60413172645598,-12.6247084170751,-10.0205766906191,-347.534452014991,27,0.919950008841989,1.03212104974489,1.22274809029778,0,,,,0.126160962516404,1.05091301493639,0.775747629868386,,0.901908592384787,,31.2701278024767,,-0.226868766561349,-0.259878428842711
135,Brazil,2041-2050,inj_drowning,ssp245,ssp585,27,91.3922742546583,-370.991017162542,-279.598742907883,-11316.9837233766,99.8973945166562,-350.551402103439,-250.654007586783,-10148.1315163245,27,0.951697880284495,1.09144326148215,1.21994156693737,0,,,,8.50512026199785,1.09306169839147,20.4396150591027,,28.9447353211005,,1168.85220705211,,-0.326869403289014,-0.398546967105919
135,Brazil,2041-2050,inj_homicide,ssp245,ssp585,27,1047.47914639367,-984.213182926818,63.2659634668501,2985.49626945067,1240.06475486793,-973.788212118171,266.276542749761,12362.4283539645,27,1.01791382442209,1.20035194500106,1.36191861371932,14,1.15754673119802,1.84455677412111,12.7799165201392,192.585608474265,1.18385626972844,10.4249708086466,,203.010579282911,4.20884355755182,9376.93208451381,4.14082860543622,16.5567564136208,4.6570559391456
135,Brazil,2041-2050,inj_mech,ssp245,ssp585,27,30.613539712941,-34.790905943026,-4.17736623008491,-157.099806490546,36.3191976161615,-33.3082468012254,3.01095081493615,108.187561113629,27,1.02573055888393,1.20649505940841,1.36120008009821,7,1.42614138075934,2.16718717124946,18.1912431616618,5.70565790322047,1.1863769415991,1.48265914180061,,7.18831704502106,,265.287367604175,,-7.32843088845451,12.0623682844622
135,Brazil,2041-2050,inj_othunintent,ssp245,ssp585,27,17.3894579953129,-97.3720420297229,-79.9825840344101,-2134.26083527844,18.2791604711682,-91.1601955249215,-72.8810350537534,-1946.5858130851,27,0.915056867786326,1.03454635979056,1.21737114168825,0,,,,0.88970247585528,1.05116332412977,6.21184650480139,,7.10154898065672,,187.675022193333,,-0.217415556214483,-0.250808189780598
135,Brazil,2041-2050,inj_suicide,ssp245,ssp585,27,322.561315589783,-543.350559792581,-220.789244202798,-8002.78501377325,375.724530561536,-528.210472416067,-152.485941854531,-5530.32595023158,27,1.00647653449504,1.1790275535284,1.31610606949798,0,,,,53.1632149717528,1.16481584245323,15.1400873765147,,68.3033023482674,,2472.45906354166,,-1.46094669038092,-2.46399455577336
135,Brazil,2041-2050,inj_trans_other,ssp245,ssp585,27,13.40890174414,-30.4037909207512,-16.9948891766113,-596.694192214574,15.6050447815397,-28.6425298294183,-13.0374850478786,-458.614168594531,27,1.00721024081655,1.1803344293892,1.31093169124605,0,,,,2.19614303739971,1.16378246923612,1.76126109133295,,3.95740412873266,,138.080023620043,,-0.788996127294172,-1.19693673467175
135,Brazil,2041-2050,inj_trans_road,ssp245,ssp585,27,894.529566270633,-423.864799008341,470.664767262292,17261.3881366584,1077.61978743102,-446.399035251645,631.220752179374,23151.8670669552,27,1.03592451624814,1.21895834330803,1.40808029591879,27,1.03113398028066,1.36969914202639,1.8866102598883,183.090221160385,1.20467766305781,-22.5342362433035,,160.555984917082,1.34112599048147,5890.4789302968,1.34125175123008,1.90056623841599,1.70719955532259
135,Brazil,2041-2050,lri,ssp245,ssp585,27,1452.65680157833,2933.81671330835,4386.47351488668,58060.2413148321,1742.92664360956,2617.04307662381,4359.96972023338,57709.5169178535,27,0.884701444893433,1.20647101055385,1.47924659517816,27,0.892420815109252,0.99903685703753,1.09355001497335,290.269842031232,1.19981997242284,-316.773636684537,0.892026780252634,-26.5037946533057,0.993957835476868,-350.72439697857,0.993959301769402,0.331167348132469,0.399756593611451
135,Brazil,2041-2050,resp_copd,ssp245,ssp585,27,559.72270005871,3626.90414914207,4186.62684920079,53563.2831246432,717.580184510536,3374.00992784026,4091.59011235079,52344.3202428333,27,1.04751985477483,1.28672596214196,1.60761474431379,27,0.907397953072916,0.976331978993883,1.07968956325582,157.857484451826,1.28202801929468,-252.894221301817,0.930272703412458,-95.0367368499928,0.977299926582152,-1218.96288180997,0.977242565976148,0.133692999213808,0.175379293821359
145,Kuwait,2022-2030,ckd,ssp245,ssp585,27,15.7323591105976,18.0790090676267,33.8113681782244,609.161854922456,16.3088987234331,17.3646445336636,33.6735432570967,606.739471089759,27,0.948736960720652,1.0149217175481,1.26839389176558,27,0.883915939964628,0.998921461678806,1.10960883205945,0.576539612835516,1.03664673611774,-0.714364533963156,0.960486521617917,-0.137824921127638,0.995923710617058,-2.42238383269785,0.99602341510204,0.465297914821731,0.484323808721734
145,Kuwait,2022-2030,cvd_cmp,ssp245,ssp585,27,-0.00980803327490363,0.784339788460482,0.774531755185578,19.7610434467846,-0.198192028621644,0.702179962188466,0.503987933566822,13.0382360039956,8,0.234797380327422,1.14573310661724,1.59610230004926,20,0.0924305628215686,0.838898263102495,2.19221038870712,-0.18838399534674,,-0.0821598262720162,0.895249702385644,-0.270543821618756,0.650700155535994,-6.72280744278905,0.659794916149383,-0.0126631777318848,-0.393247566899072
145,Kuwait,2022-2030,cvd_htn,ssp245,ssp585,27,13.4229750600315,12.4483150394056,25.8712900994372,372.008403141652,14.5218027676961,11.712245288651,26.2340480563471,377.64964409018,27,0.918085477285814,1.02810016526271,1.66196186015201,27,0.881743914648031,1.00057796286017,1.2133390067639,1.09882770766455,1.08186171118923,-0.736069750754659,0.940869929108912,0.362757956909913,1.01402164157704,5.64124094852753,1.01516428365834,0.518836710826552,0.553547921255052
145,Kuwait,2022-2030,cvd_ihd,ssp245,ssp585,27,156.798361446159,169.43186132832,326.230222774478,6720.19246249466,162.583600943539,166.364669064767,328.948270008306,6776.84736900595,27,0.939762414947977,1.00867617543633,1.29775477277028,27,0.973328894257467,0.999955586213669,1.08688708349714,5.7852394973803,1.03689604562205,-3.06719226355284,0.98189719312822,2.71804723382752,1.00833168432621,56.6549065112868,1.00843054820639,0.480637140583241,0.494252792207826
145,Kuwait,2022-2030,cvd_stroke,ssp245,ssp585,27,41.0379399603364,14.9977167278613,56.0356566881978,980.968814000122,42.4387830548167,14.2636437863087,56.7024268411254,992.819686132082,27,0.94439869650747,1.00669413221637,1.26038570867761,27,0.960298364992804,0.998260137009548,1.13556326617841,1.40084309448028,1.03413531711958,-0.734072941552681,0.951054353481088,0.666770152927619,1.0118990334429,11.8508721319599,1.01208078377501,0.732354047150479,0.748447384337288
145,Kuwait,2022-2030,diabetes,ssp245,ssp585,27,53.124579264809,15.6175819811699,68.7421612459789,1159.09872156156,54.7768553515477,14.4350743942708,69.2119297458184,1167.13701598657,27,0.952634935520987,1.0158014027575,1.21674680813666,27,0.935556883858055,0.995345137981173,1.09022147614756,1.65227608673869,1.03110191383357,-1.18250758689912,0.924283567819598,0.469768499839574,1.00683377553636,8.0382944250116,1.00693495236901,0.772809267295426,0.791436614362817
145,Kuwait,2022-2030,inj_animal,ssp245,ssp585,27,0.0117923433368827,-0.00953663280279642,0.00225571053408627,0.0922655033475568,0.0103281920606653,-0.00802820175441676,0.00229999030624853,0.0952365757642611,26,0.352186916669668,0.944711147703761,1.91390023629824,23,0.220544214097839,1.06756016393467,2.83397953991376,-0.0014641512762174,0.875838818936182,0.00150843104837965,,4.42797721622625e-05,1.0196300773052,0.00297107241670426,1.03220133537355,5.22777331518712,4.4905372133987
145,Kuwait,2022-2030,inj_disaster,ssp245,ssp585,27,0.00701299362333025,-0.00475296209231019,0.00226003153102006,0.101113885607961,0.00666327084111336,-0.00426429395878532,0.00239897688232804,0.107603723468044,27,0.596288646359113,0.933639946178608,1.36305380786231,27,0.637366096012166,1.01929410150815,9.72254744840509,-0.000349722782216891,0.950132168799717,0.000488668133524869,,0.000138945351307979,1.06147938619479,0.00648983786008293,1.06418344840634,3.10305123051312,2.77754691601993
145,Kuwait,2022-2030,inj_drowning,ssp245,ssp585,27,1.28888098927328,-0.904848186418734,0.384032802854543,19.6368183303164,1.21897487080113,-0.8008811637656,0.418093707035531,21.3850929949925,27,0.61774737843563,0.984001673915212,1.19698348106344,27,0.538259195290583,1.02954927304711,75.5854753914136,-0.0699061184721461,0.945762161864485,0.103967022653134,,0.0340609041809882,1.08869269481099,1.74827466467617,1.08903044450827,3.35617421140312,2.91555421736481
145,Kuwait,2022-2030,inj_homicide,ssp245,ssp585,27,3.92873384640384,-2.38893252968117,1.53980131672267,69.7727539172969,4.09251432359997,-2.34567168702198,1.74684263657799,79.1137483223252,27,0.937565067280113,1.00493557924639,1.34927269741779,27,0.728312811668195,1.0423025401856,6.44075514738346,0.163780477196132,1.04168785252431,0.0432608426591909,,0.207041319855322,1.13445976283225,9.34099440502834,1.13387739311681,2.55145505055536,2.34280652298313
145,Kuwait,2022-2030,inj_mech,ssp245,ssp585,27,2.25120098174143,-1.31390896079175,0.93729202094968,38.8167953830426,2.37795159756696,-1.31316479041293,1.06478680715403,44.0434493077969,27,0.916914694163535,1.01459219005618,1.48989854841367,27,0.767666640040675,1.04224865138417,4.77480454844031,0.126750615825532,1.05630355390458,0.000744170378817577,,0.127494786204349,1.13602461490622,5.22665392475423,1.13464928964841,2.40181387595775,2.23326545895395
145,Kuwait,2022-2030,inj_othunintent,ssp245,ssp585,27,0.121452009429019,-0.0988581211577238,0.0225938882712951,1.00165398142219,0.109501870090528,-0.0843896686624028,0.0251122014281252,1.11505918380511,27,0.230817221150375,0.980618958261754,1.37557850571311,26,0.212761935983582,1.06434606871539,4.75569588603362,-0.0119501393384909,0.901606079679769,0.014468452495321,,0.00251831315683011,1.11145992786153,0.113405202382916,1.11321794201017,5.37543639990998,4.3605046098383
145,Kuwait,2022-2030,inj_suicide,ssp245,ssp585,27,5.68582062028457,-3.72151784781199,1.96430277247258,83.7907674664098,5.77344143017915,-3.54915993914769,2.22428149103146,94.8084678631036,27,0.961878002070434,1.00840091856408,1.11485804279932,27,0.615639315165476,1.0654386532909,10.1625922187796,0.087620809894581,1.01541040700123,0.172357908664297,,0.259978718558875,1.13235165281146,11.0177003966938,1.1314906251588,2.89457445153809,2.59564333626759
145,Kuwait,2022-2030,inj_trans_other,ssp245,ssp585,27,1.39821487303347,-0.822727653398739,0.575487219634727,22.9420153242128,1.43491497047633,-0.792166114840288,0.642748855636043,25.5945971339962,27,0.955903761178507,1.01064246541804,1.19294421973308,27,0.694167152237786,1.05413843061277,4.56450840750771,0.0367000974428653,1.02624782367194,0.0305615385584503,,0.0672616360013156,1.116877723269,2.65258180978347,1.11562113320463,2.4296193300712,2.23246600580313
145,Kuwait,2022-2030,inj_trans_road,ssp245,ssp585,27,38.9665874234122,-23.0326293479641,15.9339580754481,647.11795550649,41.2358459649506,-23.0210778226439,18.2147681423066,738.252253363574,27,0.925191694601144,1.00980607532627,1.46645077413252,27,0.74592658365165,1.04112500211744,4.75277337971566,2.26925854153833,1.05823600914498,0.0115515253201792,,2.2808100668585,1.143141462784,91.134297857084,1.14083104491476,2.44550583344724,2.26386883669268
145,Kuwait,2022-2030,lri,ssp245,ssp585,27,57.4957470632284,-0.650364357544213,56.8453827056842,1211.2462495152,56.3725952760029,-2.150387355244,54.2222079207589,1155.21713655712,27,0.780978994429783,0.992818655969496,1.10094415607263,27,0.646158150249117,0.982679813706953,1.16613467404814,-1.12315178722547,0.980465480586063,-1.50002299769979,,-2.62317478492527,0.95385421541611,-56.0291129580787,0.953742591169628,1.01144093550942,1.03965879365124
145,Kuwait,2022-2030,resp_copd,ssp245,ssp585,27,1.65818283171712,1.60302195366267,3.26120478537979,44.8083000012553,1.77746593367967,1.50823611197814,3.28570204565781,45.181258755465,27,0.910221243202927,1.01807526706328,1.53839170111474,27,0.905612782662246,0.999298804327624,1.14147379077501,0.119283101962552,1.07193603725774,-0.0947858416845311,0.940870528024922,0.024497260278022,1.00751172094063,0.372958754209698,1.00832343012788,0.508457131901336,0.540969908098839
145,Kuwait,2031-2040,ckd,ssp245,ssp585,27,38.2549284132198,36.9890737668003,75.2440021800201,1263.42838149659,40.2311988351091,35.801337576009,76.0325364111182,1276.98738880437,27,0.910775394299216,1.05963891767058,1.13831615843638,27,0.918653745660192,1.01471120882845,1.0415712122065,1.97627042188935,1.05166054424523,-1.18773619079124,0.967889539535934,0.788534231098097,1.01047969550067,13.5590073077844,1.01073191603605,0.508411664782204,0.529131352630058
145,Kuwait,2031-2040,cvd_cmp,ssp245,ssp585,27,-0.738916803068277,1.06688366152558,0.327966858457306,7.21560275624068,-1.08966020893068,0.963119349884879,-0.126540859045804,-2.51881840557909,1,1.80888013037799,1.80888013037799,1.80888013037799,13,0.0261807768900228,0.715174683104012,2.31622923643551,-0.350743405862405,,-0.103764311640705,0.902740743548057,-0.45450771750311,,-9.73442116181977,,-2.25302277963085,8.61113332995678
145,Kuwait,2031-2040,cvd_htn,ssp245,ssp585,27,36.5609015884523,25.0238554677088,61.5847570561611,898.376595526631,40.2803883011218,24.1285060885432,64.408894389665,939.838124381224,27,0.851686946524579,1.10516407388812,1.31438124252154,27,0.858837241140713,1.04248293658009,1.13651420833968,3.71948671266946,1.10173399864527,-0.895349379165563,0.964220166619771,2.82413733350393,1.04585773279788,41.461528854593,1.0461516128771,0.593668033067197,0.625385495013017
145,Kuwait,2031-2040,cvd_ihd,ssp245,ssp585,27,256.996165084502,242.056655596895,499.052820681398,9648.156251621,272.018304279054,238.43937143133,510.457675710384,9871.37003241965,27,0.913898049395829,1.06805507226526,1.16544347094143,27,0.954847465580233,1.0290643954205,1.06219400269483,15.0221391945519,1.05845277570431,-3.61728416556477,0.985056043360408,11.404855028987,1.02285300183939,223.213780798646,1.02313538203334,0.514967863990037,0.532891005900727
145,Kuwait,2031-2040,cvd_stroke,ssp245,ssp585,27,65.4144378285854,19.8375429026873,85.2519807312726,1419.94589506827,68.8041642904795,19.123863886076,87.9280281765555,1464.84508306799,27,0.922898666493989,1.06247947798154,1.16148276376585,27,0.938555175548041,1.03891514572928,1.08416741489047,3.38972646189414,1.05181924013131,-0.713679016611227,0.964023819879701,2.67604744528289,1.03138985654443,44.899187999712,1.03162035127934,0.767306956008233,0.78250548451199
145,Kuwait,2031-2040,diabetes,ssp245,ssp585,27,104.723886793817,23.9708789358064,128.694765729623,2073.05222734024,109.26803672932,22.1471624375714,131.415199166892,2117.17097914607,27,0.928874775509479,1.0478597192523,1.13956458178431,27,0.945139159764361,1.02552106406498,1.06340123591799,4.5441499355038,1.04339172346086,-1.82371649823499,0.923919498191165,2.72043343726872,1.021138648661,44.118751805825,1.02128202619498,0.813738509100151,0.831471834475969
145,Kuwait,2031-2040,inj_animal,ssp245,ssp585,27,0.011794105588459,-0.00953733839161992,0.00225676719683906,0.0785643371419308,0.00835703997162547,-0.0069233045397641,0.00143373543186137,0.0507461540765976,20,0.182744118653071,0.797367586546159,1.26292136055602,18,0.0577513291967738,0.799405161029968,5.90142679588884,-0.00343706561683352,0.708577679667645,0.00261403385185583,,-0.00082303176497769,0.63530497690215,-0.0278181830653332,0.645918439875868,5.22610644331343,5.82885781149722
145,Kuwait,2031-2040,inj_disaster,ssp245,ssp585,27,0.00566543695742775,-0.00426885674106694,0.00139658021636081,0.058100426232725,0.00436198443585608,-0.00325282239360325,0.00110916204225283,0.046456758412443,27,0.166583566953606,0.770934560047912,1.75614091202419,20,0.120084477809745,0.693974320799426,9.83818805810748,-0.00130345252157167,0.76992903965461,0.00101603434746369,,-0.000287418174107983,0.794198592575704,-0.011643667820282,0.799594106699966,4.05664987306684,3.93268455797173
145,Kuwait,2031-2040,inj_drowning,ssp245,ssp585,27,1.01563244924771,-0.646045752802606,0.369586696445106,17.5080588126921,0.891434264247599,-0.529812263901385,0.361622000346213,17.1401667639316,27,0.622467062427272,0.880499260038753,1.13566006842086,27,0.653633851376669,0.917792450299497,2.11094081744469,-0.124198185000113,0.877713453235855,0.116233488901221,,-0.00796469609889233,0.978449721877164,-0.367892048760499,0.978987273649446,2.74802220701297,2.4650996438108
145,Kuwait,2031-2040,inj_homicide,ssp245,ssp585,27,4.26051965614346,-2.27935842936925,1.98116122677421,86.4715797232275,4.53404881064247,-2.23727601297927,2.2967727976632,100.288773380089,27,0.938086799915622,1.06817101501683,1.23618031121086,27,0.8679793804444,1.15258686653876,2.27774703709508,0.273529154499013,1.06420089016714,0.0420824163899844,,0.315611570888996,1.15930635357875,13.8171936568614,1.15978884277455,2.15051637320834,1.97409548530683
145,Kuwait,2031-2040,inj_mech,ssp245,ssp585,27,2.81760082577422,-1.46481361933114,1.35278720644308,52.5030118884804,3.02782299351938,-1.46213531874775,1.56568767477162,60.8179092869424,27,0.934701429079103,1.07161512939579,1.33472612164542,27,0.856732560246259,1.15298189137677,2.21584319437187,0.210222167745154,1.07461034431213,0.00267830058338547,,0.212900468328539,1.15737912608467,8.31489739846203,1.15836991249423,2.08281155554583,1.9338614222412
145,Kuwait,2031-2040,inj_othunintent,ssp245,ssp585,27,0.0640064946629402,-0.0491752840967379,0.0148312105662023,0.630003907145847,0.0482467597921519,-0.0353548046726612,0.0128919551194907,0.545616204221461,27,0.0716525303419917,0.665148347819816,1.30706684083605,27,0.252517796988175,0.802239708011836,4.938359408535,-0.0157597348707883,0.75377912891841,0.0138204794240767,,-0.0019392554467116,0.869244965671863,-0.0843877029243857,0.866052095920018,4.31566218935626,3.74239278255089
145,Kuwait,2031-2040,inj_suicide,ssp245,ssp585,27,6.55218097214766,-3.78794367253861,2.76423729960905,111.672468661929,6.70226075328305,-3.56923630361591,3.13302444966714,126.618274941081,27,0.963256053388458,1.02502908676328,1.0870906236812,27,0.884075578073106,1.14156492461478,2.2663108689318,0.150079781135384,1.02290531683623,0.218707368922705,,0.368787150058086,1.13341370876887,14.9458062791522,1.13383608742812,2.37033954106413,2.13923027443821
145,Kuwait,2031-2040,inj_trans_other,ssp245,ssp585,27,1.83375927751519,-0.965226877676021,0.86853239983917,31.4292490929122,1.89911637966027,-0.932011362726717,0.96710501693355,35.055039813018,27,0.955201062623683,1.03320829005723,1.14727145535456,27,0.894100999657157,1.1135513672927,2.03454678119175,0.0653571021450774,1.03564104784443,0.0332155149493035,,0.0985726170943799,1.11349331022381,3.62579072010577,1.11536358089202,2.11133088167437,1.96371267484672
145,Kuwait,2031-2040,inj_trans_road,ssp245,ssp585,27,56.4380011973599,-29.6475381535191,26.7904630438408,988.398760579932,60.8676949876512,-29.7554092901842,31.112285697467,1149.06850680021,27,0.919869569563267,1.0799694126457,1.3086183762668,27,0.838372575963265,1.15747016342082,2.21733173524184,4.42969379029128,1.07848778653236,-0.107871136665068,,4.3218226536262,1.1613194458996,160.669746220274,1.16255559256874,2.10664523061819,1.95638776204111
145,Kuwait,2031-2040,lri,ssp245,ssp585,27,99.4217603903738,-5.84097805222092,93.5807823381529,1643.61844957831,100.942062984314,-7.96515640633449,92.9769065779792,1632.48502918349,27,0.862355853623525,1.02140803381708,1.0987384299661,27,0.794422495415984,1.01611082717963,1.12335437558992,1.5203025939398,1.01529144714367,-2.12417835411358,,-0.603875760173693,0.99354701098788,-11.1334203948184,0.993226274384013,1.0624164268163,1.08566811587407
145,Kuwait,2031-2040,resp_copd,ssp245,ssp585,27,3.83890949722717,2.81219540569777,6.65110490292494,92.8150661782893,4.15573950095078,2.70909755602965,6.86483705698043,95.7856185860142,27,0.892672156298349,1.08066717066919,1.34772498355516,27,0.897712769371909,1.03237542281817,1.09526311423509,0.316830003723613,1.08253125111505,-0.103097849668128,0.963339016392943,0.213732154055485,1.03213483431324,2.97055240772497,1.03200506695776,0.577183724096569,0.605366080280823
145,Kuwait,2041-2050,ckd,ssp245,ssp585,27,96.4909955077135,81.8589598620802,178.349955369794,2667.30954211935,103.616651208018,77.0919673759869,180.708618584004,2703.06534563567,27,0.97827800624717,1.06569409571752,1.27002713401243,27,0.926384059000014,1.01512908240848,1.06245721591054,7.12565570030411,1.07384788251806,-4.7669924860933,0.941765782339222,2.35866321421091,1.01322491620096,35.7558035163202,1.01340519461716,0.541020575573723,0.57339075479596
145,Kuwait,2041-2050,cvd_cmp,ssp245,ssp585,27,-2.24806375377649,1.73183817106678,-0.516225582709715,-8.8070022685892,-3.1105841240793,1.47333928033095,-1.63724484374835,-28.5763824143777,0,,,,2,0.0467294060904374,0.055697149651753,0.0646648932130686,-0.862520370302805,,-0.258498890735834,0.85073727149887,-1.12101926103864,,-19.7693801457885,,4.35480888408553,1.89988940014484
145,Kuwait,2041-2050,cvd_htn,ssp245,ssp585,27,101.020504309533,57.1354169540399,158.155921263573,2183.4376847507,113.897555724726,53.7377177939674,167.635273518694,2314.82605424471,27,0.981460058541787,1.08444107180993,1.76303322933728,27,0.977615616378092,1.0469434971884,1.19687034584888,12.8770514151937,1.12746968056839,-3.39769916007245,0.940532521836577,9.47935225512131,1.05993675215817,131.388369494012,1.06017500312083,0.638739944116151,0.679436692135233
145,Kuwait,2041-2050,cvd_ihd,ssp245,ssp585,27,402.439691499198,337.433745061525,739.873436560723,12666.0305389686,434.255230551085,324.962537618822,759.217768169907,12999.7095279176,27,0.976684297734496,1.06092644552918,1.30214367005438,27,0.982317547931253,1.0206548792489,1.07899795105022,31.8155390518879,1.07905666295828,-12.4712074427032,0.963041018791913,19.3443316091847,1.02614546036293,333.67898894897,1.02634440110675,0.543930450280693,0.571977170131116
145,Kuwait,2041-2050,cvd_stroke,ssp245,ssp585,27,108.40053987411,28.6289239880272,137.029463862137,2065.70488103573,116.268786112762,26.7460921627825,143.014878275544,2156.33822770472,27,0.978743975870479,1.06116476619765,1.28551140081283,27,0.980256471438943,1.03995660696228,1.12677537010799,7.86824623865151,1.07258493590336,-1.88283182524463,0.934233231188429,5.98541441340689,1.04367976232782,90.6333466689935,1.04387526383902,0.791074684369851,0.812983848357013
145,Kuwait,2041-2050,diabetes,ssp245,ssp585,27,201.307443518005,37.9376793117845,239.245122829789,3492.38871471567,214.148328710029,33.1833927880294,247.331721498058,3610.46244308086,27,0.978958510695556,1.05855298991968,1.23782772038306,27,0.978855220347061,1.04018789877233,1.09960539596857,12.8408851920241,1.06378743362699,-4.7542865237551,0.874681672416418,8.08659866826895,1.03380047447831,118.073728365193,1.03380887352764,0.841427574936292,0.865834464794724
145,Kuwait,2041-2050,inj_animal,ssp245,ssp585,27,0.0113091775067677,-0.0100003083981923,0.00130886910857538,0.0395132161556507,0.00376191651840785,-0.00426970946647472,-0.000507792948066872,-0.00791066793863234,16,0.0183528586322009,0.41484479513624,1.14846362662114,8,0.143331031944919,0.376886836505769,17.0580532784395,-0.00754726098835981,0.332642804143505,0.00573059893171756,,-0.00181666205664225,,-0.0474238840942831,,8.64041899428506,-7.40836699826017
145,Kuwait,2041-2050,inj_disaster,ssp245,ssp585,27,0.00169607659018492,-0.00198882987765383,-0.000292753287468904,-0.0074783689546927,-0.000360375631460909,-0.000493735534952455,-0.000854111166413365,-0.0276425922159126,9,0.0943372375607267,0.313314628040684,1.90334668804296,3,0.0422857598890454,1.82042177572942,7.14594321437437,-0.00205645222164583,,0.00149509434270137,,-0.000561357878944461,,-0.0201642232612199,,-5.79353559049299,0.421930593618416
145,Kuwait,2041-2050,inj_drowning,ssp245,ssp585,27,0.81121843574515,-0.485304989940388,0.325913445804762,13.8099206085272,0.662491873504763,-0.337582207391318,0.324909666113444,13.8229099747249,27,0.642473840288689,0.833304283012238,1.05425559543961,27,0.783906446039398,1.0129617254737,4.36388060432841,-0.148726562240387,0.81666274373588,0.147722782549069,,-0.00100377969131782,0.996920103468456,0.0129893661976332,1.00094058224995,2.48906096445959,2.03900327567801
145,Kuwait,2041-2050,inj_homicide,ssp245,ssp585,27,4.52257701004852,-2.17119876536284,2.35137824468569,97.3240193106447,4.91275078572138,-2.0845044333156,2.82824635240578,117.063414611016,27,0.981084904573529,1.06565029180783,1.41494390848354,27,0.970106620495665,1.1813163040424,4.71911524582298,0.390173775672854,1.08627244484858,0.086694332047236,,0.47686810772009,1.20280365730093,19.7393953003717,1.20282141490033,1.92337282199065,1.73703071570921
145,Kuwait,2041-2050,inj_mech,ssp245,ssp585,27,3.44418403547412,-1.6221914240562,1.82199261141793,64.7697923784465,3.77808374419459,-1.58905246747663,2.18903127671796,77.8382156518208,27,0.981633993225134,1.07114595170703,1.60472524795261,27,0.971541782928595,1.17795421458112,4.31523875220014,0.333899708720469,1.09694595447903,0.0331389565795646,,0.367038665300034,1.20144904156027,13.0684232733743,1.20176725589942,1.89033918902325,1.72591583518127
145,Kuwait,2041-2050,inj_othunintent,ssp245,ssp585,27,0.0285094240968361,-0.0220239940597502,0.00648543003708592,0.250391475160734,0.0145310590813749,-0.00959792683830029,0.00493313224307462,0.183868737366847,27,0.0788800833136275,0.554729068640486,1.12477289091446,26,0.329116967662386,0.730231038571373,1.44437901322737,-0.0139783650154612,0.509693181876217,0.0124260672214499,,-0.0015522977940113,0.760648440406461,-0.0665227377938873,0.734325069369137,4.39591884174364,2.94560501632089
145,Kuwait,2041-2050,inj_suicide,ssp245,ssp585,27,7.53334078916318,-3.91380020469311,3.61954058447007,135.644946339437,7.83486160227445,-3.54971665704447,4.28514494522999,160.545764275132,27,0.979006449639624,1.04500109922365,1.12346728039762,27,0.968958900041475,1.1778158802561,5.47316709399347,0.301520813111279,1.04002484708312,0.364083547648642,,0.665604360759919,1.18389194573912,24.9008179356955,1.18357350279297,2.08129750540319,1.82837726667702
145,Kuwait,2041-2050,inj_trans_other,ssp245,ssp585,27,2.37950540432205,-1.15540620550928,1.22409919881277,39.3703158958484,2.5089259942103,-1.08484000641915,1.42408598779115,45.8787570696832,27,0.979968690564321,1.05516194420962,1.22283441543468,27,0.970310192992209,1.15741877523429,3.77450333899993,0.129420589888253,1.05438970201672,0.0705661990901256,,0.199986788978379,1.16337465882858,6.5084411738348,1.165313410008,1.94388282144934,1.76177984736849
145,Kuwait,2041-2050,inj_trans_road,ssp245,ssp585,27,78.8873139614376,-37.6342090289126,41.2531049325249,1345.16518034874,86.9174950158834,-37.1164945065796,49.8010005093038,1623.7182759339,27,0.982211422396298,1.07636102755785,1.60503313819761,27,0.972881779378696,1.18105021303993,4.55351119506292,8.03018105444582,1.10179305963404,0.517714522333044,,8.54789557677884,1.20720611432182,278.553095585159,1.20707724200306,1.91227579331225,1.74529616126177
145,Kuwait,2041-2050,lri,ssp245,ssp585,27,205.084912646219,-15.1735202218862,189.911392424333,2819.29240550305,211.710767544462,-19.8778204067037,191.832947137758,2846.76086245186,27,0.838068967247149,1.03933872861082,1.13473087930724,27,0.677285494991155,1.02880673189005,1.09766169638546,6.62585489824261,1.0323078612305,-4.70430018481753,,1.92155471342517,1.01011816452344,27.4684569488136,1.0097430322925,1.07989789358178,1.10362047136996
145,Kuwait,2041-2050,resp_copd,ssp245,ssp585,27,9.15243487009884,5.67068141829996,14.8231162883988,195.697539266747,10.1226396608495,5.29195796645894,15.4145976273084,203.486377558343,27,0.978772403559582,1.07796038902071,1.72029400951662,27,0.978574381444643,1.03548559720494,1.12613840425671,0.970204790750666,1.10600510186861,-0.378723451841015,0.933213766758466,0.591481338909643,1.03990263095841,7.78883829159574,1.03980038952344,0.617443369668625,0.656691786940729
163,India,2022-2030,ckd,ssp245,ssp585,27,3763.74676542743,5232.64192152684,8996.38868695426,164614.499395474,3754.44605512339,5299.00780937407,9053.45386449746,165666.191283319,27,0.838198044603767,1.00507705382598,1.23754553324287,27,0.946142093124314,1.01019233218343,1.06068828183413,-9.30071030404224,0.997528869266797,66.3658878472324,1.01268305548947,57.0651775431925,1.00634312050411,1051.6918878454,1.00638881685215,0.418361955712882,0.414697651450593
163,India,2022-2030,cvd_cmp,ssp245,ssp585,27,-36.7646876227414,1726.64787997198,1689.88319234924,33792.5139171737,-2.16685525533101,1751.12022206741,1748.95336681208,34988.8862031968,11,0.735736259857459,1.57599423538139,2.76398176187297,27,0.149359455342227,1.07487839315981,3.27249433194315,34.5978323674104,,24.4723420954331,1.01417332530813,59.0701744628441,1.03495518195002,1196.37228602312,1.03540347098637,-0.0217557567228253,-0.00123894398584261
163,India,2022-2030,cvd_htn,ssp245,ssp585,27,2103.129192628,3959.2454514703,6062.3746440983,84381.5471215434,2091.2569842705,3999.74139888755,6090.99838315805,84763.5695686459,27,0.754666809700718,0.994821640443399,1.39195820128423,27,0.918197527264696,1.01004855581186,1.09137552263032,-11.8722083574939,0.994354979047835,40.4959474172474,1.01022819825485,28.6237390597526,1.00472153912289,382.022447102485,1.00452732214725,0.346915081316426,0.343335665636186
163,India,2022-2030,cvd_ihd,ssp245,ssp585,27,43092.0301067948,58230.4604332818,101322.490540077,1682387.26365121,43011.3890540688,58915.8864249849,101927.275479054,1692397.03474637,27,0.830265508267064,1.01167957417092,1.24721183175872,27,0.937626525248047,1.00831065213947,1.0826719752815,-80.6410527260086,0.998128631848484,685.425991703087,1.01177091828921,604.7849389771,1.00596891110506,10009.7710951532,1.00594974255418,0.425295804288885,0.42198115128573
163,India,2022-2030,cvd_stroke,ssp245,ssp585,27,22194.8360769121,11944.0610516878,34138.8971286,529428.436988026,22154.0497586785,12078.0805740903,34232.1303327688,530861.688771987,27,0.847078610875187,1.00876256921404,1.22429875430766,27,0.902148009062357,1.00419109795562,1.09994827554867,-40.7863182336478,0.998162351003976,134.019522402488,1.01122059924363,93.2332041688496,1.00273099637102,1433.25178396096,1.00270716811533,0.65013336527261,0.647171226076791
163,India,2022-2030,diabetes,ssp245,ssp585,27,16412.3819337534,6580.68023162178,22993.0621653752,355954.702981059,16388.8765973,6685.22505556507,23074.1016528651,357204.96836553,27,0.85717472020198,1.01004302384146,1.20969885515769,27,0.901167205295813,1.00257467028104,1.10200860159769,-23.5053364534178,0.998567829060505,104.544823943293,1.01588662877751,81.0394874898739,1.00352451913134,1250.26538447035,1.00351242833428,0.713797136532275,0.710271491556205
163,India,2022-2030,inj_animal,ssp245,ssp585,27,1597.68948057459,-1911.04950423147,-313.360023656882,-10464.9468666383,1617.14345073153,-1928.13563066228,-310.992179930754,-10425.1479697486,27,0.85121493384996,1.02080303480986,1.18288034344671,1,0.204929044257004,0.204929044257004,0.204929044257004,19.4539701569393,1.01217631485559,-17.0861264308105,,2.36784372612857,,39.7988968896352,,-5.09857467436242,-5.19994892183979
163,India,2022-2030,inj_disaster,ssp245,ssp585,27,107.976574184712,-122.400930867826,-14.4243566831139,-590.589413458016,109.489231216584,-124.013526496631,-14.5242952800466,-596.992531705232,27,0.89531329378348,1.01539236825011,1.13453227466894,4,0.00548724586009883,0.458960812503164,0.72056995277996,1.51265703187183,1.01400912228688,-1.6125956288045,,-0.0999385969326578,,-6.4031182472163,,-7.48571160273072,-7.53835068108262
163,India,2022-2030,inj_drowning,ssp245,ssp585,27,2487.7901915277,-2560.32870212443,-72.5385105967328,-2869.37847921175,2504.54867762586,-2586.73054373813,-82.1818661122662,-3332.3469377566,27,0.919478470232711,1.01482039813578,1.05604287291187,10,0.216799269739421,0.622477132049758,9.77420921417513,16.7584860981697,1.00673629398301,-26.4018416137046,,-9.64335551553344,,-462.968458544844,,-34.2961300288918,-30.4756851615474
163,India,2022-2030,inj_homicide,ssp245,ssp585,27,2187.0340021496,-1406.97780012082,780.056202028776,29499.9071060717,2176.48448009982,-1421.62329393055,754.861186169277,28541.3872242953,27,0.846779909964085,0.994383096953893,1.21339536078304,27,0.479876015584784,0.953276716310795,1.94985812961186,-10.5495220497728,0.99517633377469,-14.6454938097247,,-25.1950158594987,0.967701024882603,-958.519881776338,0.967507698301224,2.80368772975786,2.88329102088944
163,India,2022-2030,inj_mech,ssp245,ssp585,27,572.089397382119,-356.889113461634,215.200283920485,7202.94513751203,568.870238657048,-359.751656251887,209.118582405161,6994.29283258926,27,0.827387271584803,0.992291039639596,1.24184644323263,27,0.5380588030845,0.960003523829211,1.86929657486008,-3.21915872507066,0.99437297957312,-2.86254279025377,,-6.08170151532451,0.971739342511408,-208.65230492277,0.971032362326886,2.65840447307914,2.72032371353245
163,India,2022-2030,inj_othunintent,ssp245,ssp585,27,469.854434183915,-580.822216755382,-110.967782571467,-4116.37873727889,474.727451650838,-586.72291403951,-111.995462388671,-4159.15366681596,27,0.857778168253798,1.01786570927924,1.14271492885808,0,,,,4.8730174669231,1.01037133442273,-5.90069728412721,,-1.02767981720397,,-42.7749295370722,,-4.23415178077757,-4.23880969394399
163,India,2022-2030,inj_suicide,ssp245,ssp585,27,8314.38422895873,-6221.73833753442,2092.64589142431,80723.1108316524,8297.98121224399,-6289.89897880879,2008.0822334352,77417.5243736333,27,0.894541263717223,1.00143936464512,1.16639173627727,26,0.0370889980254311,0.900818302373593,4.22107482239197,-16.4030167147412,0.998027151949797,-68.1606412743686,,-84.5636579891107,0.959590077644931,-3305.5864580191,0.959050308840143,3.97314436380812,4.13229153372307
163,India,2022-2030,inj_trans_other,ssp245,ssp585,27,517.108450266883,-406.578141951429,110.530308315453,3782.2196379724,516.254458707495,-408.421172666472,107.833286041023,3687.1785185967,27,0.877398345166705,1.00404237937867,1.18082994023552,24,0.380957147043824,0.91515665596688,16.7079722509156,-0.853991559387396,0.998348525229192,-1.84303071504274,,-2.6970222744302,0.975599251322697,-95.0411193756963,0.974871602267221,4.67843126602936,4.78752412785692
163,India,2022-2030,inj_trans_road,ssp245,ssp585,27,11388.9156992156,-6506.61883201655,4882.29686719907,166041.595429621,11304.2450830242,-6573.2515984546,4730.99348456956,160869.988051724,27,0.823223083104473,0.989965838694026,1.25463364733257,27,0.631541996731838,0.954637403307625,1.67675502915416,-84.670616191459,0.992565524372325,-66.632766438056,,-151.303382629519,0.969009794622276,-5171.60737789763,0.968853543206951,2.33269627165243,2.3894019554019
163,India,2022-2030,lri,ssp245,ssp585,27,19139.7173466131,3871.26828362864,23010.9856302417,668556.490091681,19269.7962357752,3951.38535761374,23221.1815933889,675648.632486399,27,0.933572468715328,1.00788211621659,1.08534957645284,27,0.866745236638012,1.01943636170857,1.09478305286375,130.07888916205,1.0067962805723,80.1170739850991,1.02069530399738,210.195963147151,1.00913459190861,7092.14239471837,1.0106081423183,0.831764343090941,0.829837024368359
163,India,2022-2030,resp_copd,ssp245,ssp585,27,16155.1635616766,26285.667292573,42440.8308542496,529949.55323883,16062.481272801,26480.8647467079,42543.3460195089,531188.753881395,27,0.787679918513483,0.994811043135531,1.327394960528,27,0.927331810562092,1.0004006422069,1.06881843415376,-92.6822888756033,0.994262992849205,195.197454134868,1.00742600337904,102.515165259276,1.00241548440961,1239.20064256538,1.00233833698885,0.380651444293273,0.37755566441425
163,India,2031-2040,ckd,ssp245,ssp585,27,5619.09836363463,6812.79429198754,12431.8926556222,219229.325494256,5929.23877743431,6679.99455552753,12609.2333329618,222346.922168363,27,0.897288276691226,1.04709434896262,1.29087834625363,27,0.959102412903391,1.0153401811137,1.07353605546698,310.140413799683,1.05519398197526,-132.79973646001,0.980507302764712,177.340677339676,1.01426497816963,3117.59667410774,1.0142207100582,0.45199057933415,0.470229919683909
163,India,2031-2040,cvd_cmp,ssp245,ssp585,27,-371.34301668336,2029.33823745793,1657.99522077457,32025.853520448,-649.031867691981,1934.81677356603,1285.78490587405,24912.580878191,3,0.429423232652088,1.24916315873589,1.58988562129169,23,0.279981289965994,0.799265857623765,2.3800804289065,-277.688851008621,,-94.5214638918988,0.953422518657953,-372.210314900519,0.775505797461447,-7113.27264225694,0.777889677859319,-0.223971101985372,-0.504774838098431
163,India,2031-2040,cvd_htn,ssp245,ssp585,27,3343.32475953005,4994.33080481024,8337.65556434029,117882.460610777,3700.126243747,4838.60993570625,8538.73617945325,120735.354794878,27,0.834190163487908,1.10369675377263,1.60140126205349,27,0.933951167604874,1.01949602122679,1.13042993430285,356.801484216949,1.10672055809113,-155.720869103989,0.968820473615002,201.080615112962,1.02411716501854,2852.89418410175,1.02420117606402,0.400990990060716,0.433334180373274
163,India,2031-2040,cvd_ihd,ssp245,ssp585,27,50852.9497297567,60951.6283190014,111804.578048758,1828635.51537011,53848.9994565507,60480.1078321865,114329.107288737,1869842.48886662,27,0.889012610781272,1.04048501205926,1.32122890660935,27,0.973888910708585,1.02026166992711,1.12171593324528,2996.04972679404,1.05891594770246,-471.520486814967,0.99226402149017,2524.52923997902,1.02257983782094,41206.973496506,1.02253427386166,0.454837812701906,0.470999911864575
163,India,2031-2040,cvd_stroke,ssp245,ssp585,27,26486.3795519022,12299.9283748813,38786.3079267835,600901.37126643,27872.3067703911,12008.2464595159,39880.553229907,617861.918833209,27,0.89406183961111,1.03281491447099,1.28186130332858,27,0.96350505593394,1.02768472848574,1.15067590440239,1385.92721848892,1.05232603481246,-291.681915365425,0.976285885049453,1094.24530312347,1.02821215427849,16960.5475667791,1.02822517700539,0.68287962860245,0.698894687084965
163,India,2031-2040,diabetes,ssp245,ssp585,27,21670.5186556446,7402.81283336702,29073.3314890117,441289.265899898,22709.1018908406,7156.91132784835,29866.013218689,453254.598083179,27,0.906791584532982,1.03461207245739,1.25034925426279,27,0.959789493775694,1.02702875063333,1.1368310094059,1038.58323519597,1.04792609035804,-245.901505518669,0.966782693139247,792.681729677283,1.02726490873524,11965.3321832811,1.02711448727147,0.745374456444218,0.760366029592131
163,India,2031-2040,inj_animal,ssp245,ssp585,27,1772.67133205126,-2022.70517106068,-250.033839009422,-7660.98309510315,1649.72979431361,-1878.21343252229,-228.483638208689,-6987.51183989117,27,0.655647801604227,0.92565611747385,1.16453733642514,3,0.145522931392621,0.455161795491372,0.790431325660251,-122.94153773765,0.930646174778836,144.491738538384,,21.550200800733,,673.471255211975,,-7.0897256910272,-7.22034105920006
163,India,2031-2040,inj_disaster,ssp245,ssp585,27,101.682087249982,-111.457073503377,-9.77498625339495,-379.840758192201,96.2308932416691,-104.711808124795,-8.48091488312585,-331.42009527996,27,0.728926527492806,0.94658259317467,1.16717231697533,5,0.505287246902534,0.973045253434429,4.2999415779123,-5.45119400831307,0.94638982975525,6.74526537858212,,1.2940713702691,,48.4206629122407,,-10.4022741939578,-11.3467585240286
163,India,2031-2040,inj_drowning,ssp245,ssp585,27,2276.56739413041,-2191.50939986489,85.0579942655203,3013.96520209665,2211.44890302137,-2067.6551688327,143.793734188674,5050.94496084604,27,0.856423293092564,0.967541490506998,1.07561064152855,16,0.859812845695578,1.49510827201426,5.32007587243436,-65.1184911090377,0.971396194429855,123.854231032192,,58.7357399231539,1.69053756122913,2036.97975874939,1.67584713895581,26.7648845213042,15.3793133998432
163,India,2031-2040,inj_homicide,ssp245,ssp585,27,2486.06072584979,-1457.4453500525,1028.61537579729,37968.1937084783,2619.49688230953,-1440.30922900019,1179.18765330934,43484.7190455611,27,0.893167501909079,1.04485063397278,1.27570452759875,27,0.163569692519719,1.13634883307301,1.74508560004889,133.436156459739,1.05367373172839,17.1361210523137,,150.572277512053,1.14638345979939,5516.52533708283,1.14529333102962,2.41690021785142,2.22144191805097
163,India,2031-2040,inj_mech,ssp245,ssp585,27,670.442199864856,-380.826711632692,289.615488232165,9204.71154549877,714.269524861438,-379.71813065252,334.551394208918,10615.934829079,27,0.892505199825949,1.06288667753783,1.3311437777589,27,0.329766978321587,1.13756749084842,1.77314371579248,43.8273249965816,1.06537077320821,1.10858098017167,,44.9359059767531,1.15515712316025,1411.2232835802,1.15331531863922,2.31493903850684,2.13500686957352
163,India,2031-2040,inj_othunintent,ssp245,ssp585,27,392.559627956501,-464.009555651772,-71.4499276952712,-2567.62432810437,369.664605308289,-434.428756739654,-64.764151431365,-2334.90508603768,27,0.708359335173128,0.936315133063339,1.14058818757469,2,0.27411454193379,0.275340896312423,0.276567250691055,-22.895022648212,0.941677592351017,29.5807989121182,,6.68577626390626,,232.719242066695,,-5.49419209534738,-5.70785839292665
163,India,2031-2040,inj_suicide,ssp245,ssp585,27,9049.73631893936,-6174.72952876231,2875.00679017705,107214.783855087,9331.62102664511,-6001.95352137847,3329.66750526664,123985.22324529,27,0.909287137390359,1.02134840143087,1.15968163849803,25,0.453344440973684,1.18719790133532,1.82691511385033,281.884707705749,1.03114838905481,172.776007383843,,454.660715089595,1.15814248392144,16770.439390203,1.15641909433749,3.14772693750127,2.8025684281944
163,India,2031-2040,inj_trans_other,ssp245,ssp585,27,611.332509872188,-434.478855035879,176.853654836309,5798.5169523618,635.198435269673,-422.984003636126,212.214431633547,6942.39030819335,27,0.92423854960928,1.02450095347802,1.19332918921942,25,0.373263501642206,1.24559826072164,1.99830334981124,23.8659253974848,1.03903918900448,11.4948513997535,,35.3607767972382,1.19994371521452,1143.87335583155,1.19726998562376,3.45671402967624,2.99319151096442
163,India,2031-2040,inj_trans_road,ssp245,ssp585,27,13218.6341313684,-6925.94044864043,6292.69368272801,208245.245111216,14103.0050956846,-6938.13951241376,7164.86558327081,236860.232366306,27,0.864522085888527,1.06632837079866,1.34580001300619,27,0.550464527029691,1.12540528642012,1.69164723229136,884.370964316124,1.06690335442582,-12.1990637733225,,872.1719005428,1.13860072403281,28614.9872550906,1.13741003901342,2.10063206598639,1.96835585145011
163,India,2031-2040,lri,ssp245,ssp585,27,20764.2224597258,3271.30593605424,24035.52839578,544278.589097253,20726.6564743007,2816.89409209871,23543.5505663994,533962.978853589,27,0.910820593301465,1.00849553803997,1.07670546185263,27,0.876096729003019,0.974026017107834,1.14166937858513,-37.5659854250298,0.998190831103939,-454.411843955536,0.861091609027667,-491.977829380569,0.979531224723691,-10315.6102436642,0.981047187138532,0.863897065952226,0.880353896318473
163,India,2031-2040,resp_copd,ssp245,ssp585,27,22747.6929786315,30319.1739405428,53066.8669191743,669935.462275839,24692.0510406044,29430.4411544046,54122.492195009,683266.039044817,27,0.860740136551474,1.07968878072458,1.4467957363681,27,0.956735474593596,1.01256320361761,1.0993102524188,1944.35806197289,1.08547495624279,-888.732786138222,0.970687434034942,1055.62527583467,1.01989236103655,13330.5767689783,1.01989829994026,0.428660938533988,0.456225314821726
163,India,2041-2050,ckd,ssp245,ssp585,27,8959.09571343747,8459.22869696791,17418.3244104054,292681.888099787,9949.52727873723,7891.18283247027,17840.7101112075,299722.79727288,27,0.982544369179466,1.1134891285686,1.23228894117342,27,0.970666949443112,1.01780809416604,1.08768652545135,990.431565299757,1.11055039447946,-568.045864497649,0.932848976561982,422.385700802104,1.02424950246935,7040.90917309246,1.02405652505116,0.514348883528973,0.55768672977243
163,India,2041-2050,cvd_cmp,ssp245,ssp585,27,-1471.03185781509,2151.77151296328,680.739655148191,12606.5418444462,-2182.34242274415,1897.68679338767,-284.655629356484,-5193.80645418191,0,,,,11,0.0459525860939111,0.55378374625594,1.33502360651992,-711.310564929058,,-254.084719575617,0.88191835515765,-965.395284504675,,-17800.3482986282,,-2.16093163765355,7.66660553201681
163,India,2041-2050,cvd_htn,ssp245,ssp585,27,6079.04288739656,5979.08041720182,12058.1233045984,172498.706509803,7191.68375786876,5434.59239524486,12626.2761531136,180672.715245088,27,0.950299641187612,1.20320090389697,1.39777363706932,27,0.952546741845847,1.04235086881364,1.1633025899074,1112.6408704722,1.18302895555795,-544.488021956962,0.908934487586006,568.152848515232,1.04711785027929,8174.00873528558,1.04738591320869,0.504145026040521,0.569580743416205
163,India,2041-2050,cvd_ihd,ssp245,ssp585,27,60890.19089482,58672.6960494728,119562.886944293,1904396.25128398,68219.4730267749,55996.6142234125,124216.087250187,1978453.71942611,27,0.967344508606782,1.12392435766641,1.25421090927027,27,0.967197656865347,1.03690078407375,1.10715277559137,7329.28213195485,1.12036884799089,-2676.08182606035,0.954389656411836,4653.20030589453,1.0389184338453,74057.4681421295,1.03888763595927,0.509273341009156,0.549199983166206
163,India,2041-2050,cvd_stroke,ssp245,ssp585,27,32854.4354245716,11588.6362524286,44443.0716770002,686116.213629602,36388.9686651189,10648.2656725377,47037.2343376567,726220.427690165,27,0.973593025941385,1.10797014823264,1.22528947020968,27,0.975371898720279,1.04814351752856,1.15377720786092,3534.53324054728,1.10758161553748,-940.370579890823,0.918854077442136,2594.16266065648,1.05837046276887,40104.2140605636,1.05845105138736,0.739247630392168,0.773620498261033
163,India,2041-2050,diabetes,ssp245,ssp585,27,30116.6905854923,7586.9677202645,37703.6583057568,553707.146105928,33078.0419656773,6800.46090096384,39878.5028666412,585524.452575628,27,0.98295431051953,1.09701641972972,1.20602570188235,27,0.981549776295928,1.04823147773756,1.14792694901862,2961.35138018506,1.09832924277582,-786.506819300666,0.896334497746717,2174.8445608844,1.05768258727701,31817.3064697001,1.05746233671258,0.798773698330857,0.829470506360145
163,India,2041-2050,inj_animal,ssp245,ssp585,27,1758.48467999269,-1846.51681513708,-88.0321351443953,-2205.36456224944,1458.13957912087,-1467.05788871812,-8.91830959725164,145.078411104958,27,0.388572465927723,0.842535561245253,1.11796669709201,7,0.708383176152791,1.49006824098426,5.29688654723178,-300.345100871818,0.829202321584589,379.458926418962,,79.1138255471437,,2350.4429733544,,-19.9754859643961,-163.499546996016
163,India,2041-2050,inj_disaster,ssp245,ssp585,27,80.0775599567852,-81.7058142125245,-1.62825425573932,-58.5347841398245,69.1631375246199,-66.4455590188324,2.71757850578744,95.0897997586663,27,0.607340724487214,0.837951557744552,1.10751197695421,16,0.426880175583347,1.67203410563677,121.627344913631,-10.9144224321654,0.863701860570484,15.2602551936921,,4.34583276152676,,153.624583898491,,-49.180009617371,25.450281335876
163,India,2041-2050,inj_drowning,ssp245,ssp585,27,1987.1561682439,-1658.14945235921,329.006715884687,10419.9993559811,1867.46070164187,-1389.22579090065,478.234910741225,15153.5047102332,27,0.810080727599909,0.941974389439806,1.0717367762878,24,1.03808517227554,1.33167103702065,3.96803907810124,-119.695466602031,0.939765445456756,268.923661458568,,149.228194856538,1.45357188060818,4733.50535425205,1.45427117531778,6.0398650614183,3.90490250648465
163,India,2041-2050,inj_homicide,ssp245,ssp585,27,2861.01550121732,-1375.74515263562,1485.27034858171,52726.2825275561,3175.90768416161,-1308.87390530714,1867.03377885447,66279.2241276812,27,0.984355709145268,1.10945403246857,1.22790331416631,27,0.951452173319364,1.23661801281455,1.60149341061662,314.892182944283,1.11006308173105,66.8712473284768,,381.763430272759,1.25703295742577,13552.9416001252,1.25704337477314,1.92625908404441,1.70104457676722
163,India,2041-2050,inj_mech,ssp245,ssp585,27,848.111496088014,-396.58221775305,451.529278334964,13425.3738675786,953.896199296669,-383.360364973885,570.535834322784,16967.5915356764,27,0.970799232572761,1.12758201477249,1.27294109887943,27,0.946169687016039,1.24820442567046,1.61525605440584,105.784703208655,1.12472971265759,13.2218527791654,,119.00655598782,1.26356332069243,3542.21766809788,1.26384499255191,1.8783089752573,1.67193038878781
163,India,2041-2050,inj_othunintent,ssp245,ssp585,27,275.716696261074,-302.203638972574,-26.4869427114998,-921.966390980949,234.554295584077,-243.416771694628,-8.86247611055101,-330.982211819572,27,0.53952149810807,0.862405769589801,1.10665694388067,6,0.276685232721833,1.66139815990573,19.0636181840453,-41.1624006769972,0.850707624038768,58.7868672779461,,17.6244666009488,,590.984179161378,,-10.4095326993465,-26.4660003207043
163,India,2041-2050,inj_suicide,ssp245,ssp585,27,9912.57413369263,-5530.47914131028,4382.09499238234,156068.148679114,10619.5149178362,-5057.69214197793,5561.82277585831,198007.485862221,27,0.990659112093176,1.06638117599777,1.14680318218552,27,0.969657002921458,1.24190787229262,1.73222609237347,706.940784143615,1.07131757852289,472.78699933235,,1179.72778347596,1.26921547468203,41939.3371831072,1.26872451258032,2.26206281491484,1.90935873827757
163,India,2041-2050,inj_trans_other,ssp245,ssp585,27,741.545950378414,-428.9835210862,312.562429292215,9669.73720172734,801.536371777806,-394.502122195018,407.034249582787,12578.6126061986,27,0.990299114365958,1.07845655997302,1.1698208653689,27,0.982776658132613,1.28249434502435,1.87836556750477,59.9904213993916,1.08089912886555,34.4813988911814,,94.4718202905728,1.30224944342959,2908.87540447124,1.30082259153347,2.37247308340166,1.96921112314108
163,India,2041-2050,inj_trans_road,ssp245,ssp585,27,16413.989705341,-7164.20474015664,9249.78496518438,293137.771815061,18546.1721816742,-7018.77439050525,11527.397791169,365272.124155443,27,0.972861014687952,1.13250249679344,1.28589060768364,27,0.943047140296049,1.2396734742285,1.57013077008921,2132.18247633319,1.12990031763206,145.43034965139,,2277.61282598458,1.2462341378267,72134.3523403819,1.24607662087945,1.77452662598344,1.60887760773574
163,India,2041-2050,lri,ssp245,ssp585,27,24317.8708949444,2008.28238486153,26326.153279806,475526.478129132,24842.9002814108,1028.2375805129,25871.1378619237,466865.167498865,27,0.926703088884047,1.01312412161041,1.19657252193171,27,0.855631970409711,0.968065114722325,1.16700215903228,525.029386466369,1.02159026950733,-980.044804348628,0.511998505919176,-455.01541788226,0.982716220898429,-8661.3106302672,0.981785849939748,0.923715312164424,0.960255417214322
163,India,2041-2050,resp_copd,ssp245,ssp585,27,35775.2232957662,33161.8036803265,68937.0269760927,878879.830363053,41138.0609044375,30244.2085226704,71382.2694271079,909967.768908861,27,0.955747058305806,1.16180365884608,1.33182505670479,27,0.96587861470489,1.03447730051233,1.11573948706958,5362.83760867128,1.14990367954757,-2917.59515765606,0.912019406851897,2445.24245101522,1.03547066878679,31087.9385458077,1.03537222891208,0.518955122740832,0.576306430638853
190,Uganda,2022-2030,ckd,ssp245,ssp585,27,-1.04605166840439,108.822361351525,107.77630968312,2417.78246671334,-1.09938436280004,107.467761963101,106.368377600301,2386.20590637316,0,,,,27,0.845846083869893,0.982530947710035,1.22436039759505,-0.0533326943956483,,-1.35459938842341,0.987552196335387,-1.40793208281903,0.986936534689687,-31.5765603401837,0.986939867099331,-0.00970576624380582,-0.0103356315815136
190,Uganda,2022-2030,cvd_cmp,ssp245,ssp585,27,-1.40763345849106,11.6101223265577,10.2024888680666,376.946769956727,-1.49974713168242,11.4895405621451,9.98979343046271,369.21560141068,0,,,,27,0.801120389121351,0.992564347743246,1.18579070173518,-0.092113673191355,,-0.120581764412577,0.989614083209377,-0.212695437603935,0.979152593023682,-7.73116854604712,0.979490025748371,-0.137969614737527,-0.150127942296496
190,Uganda,2022-2030,cvd_htn,ssp245,ssp585,27,-5.97290293059161,105.634144148169,99.6612412175776,1585.07705195826,-6.01284724482384,104.493640249321,98.4807930044972,1565.93238155136,0,,,,27,0.852473937915248,0.977617280862427,1.23681313031275,-0.0399443142322253,,-1.14050389884821,0.98920326464473,-1.18044821308045,0.988155393223497,-19.1446704068946,0.987921930745737,-0.0599320544036948,-0.0610560400803156
190,Uganda,2022-2030,cvd_ihd,ssp245,ssp585,27,-10.7415508544157,228.805296583376,218.06374572896,3828.52213150134,-10.9903583562294,226.629057716464,215.638699360235,3785.35822708852,0,,,,27,0.855211248994496,0.984625293924308,1.21641955656209,-0.248807501813756,,-2.1762388669116,0.990488686671995,-2.42504636872542,0.988879185943455,-43.1639044128228,0.988725700693313,-0.0492587652225637,-0.0509665398132898
190,Uganda,2022-2030,cvd_stroke,ssp245,ssp585,27,7.20473498241999,187.866154155787,195.070889138207,3364.33207434661,7.06578438556822,185.519961475656,192.585745861224,3321.31972250972,27,0.402788352001888,1.10186756908518,2.72087718180537,27,0.845568579263092,0.977766906310555,1.21408221231441,-0.138950596851774,0.980713989176448,-2.34619268013134,0.987511360464718,-2.48514327698314,0.987260306814809,-43.01235183689,0.987215188368335,0.0369339321425631,0.0366890309247486
190,Uganda,2022-2030,diabetes,ssp245,ssp585,27,13.0911771178898,87.0728317668323,100.164008884722,1897.71830379755,13.053543731344,85.8731159074392,98.9266596387831,1874.16388177636,27,0.585616180473578,1.0372409932699,1.6406283876565,27,0.870604298246022,0.984309664400503,1.17751869891838,-0.0376333865458118,0.997125286274342,-1.19971585939314,0.986221696997224,-1.23734924593894,0.987646767938741,-23.5544220211918,0.987588030334082,0.130697415804876,0.131951728472458
190,Uganda,2022-2030,inj_animal,ssp245,ssp585,27,5.38284459737623,-43.3384275045153,-37.9555829071391,-1533.78035840682,5.38124434054081,-42.9679682382884,-37.5867238977476,-1519.33146278214,27,0.68688863241345,1.02488620548742,1.26921586018318,0,,,,-0.00160025683541498,0.999702711678469,0.370459266226931,,0.368859009391507,,14.4488956246787,,-0.141819573962168,-0.143168751689564
190,Uganda,2022-2030,inj_disaster,ssp245,ssp585,27,0.209590019433292,-1.67484308911635,-1.46525306968306,-72.5628888392342,0.209136297547003,-1.66088146126888,-1.45174516372188,-71.8932827528406,27,0.685306550187897,1.01252956044748,1.24030180261794,0,,,,-0.000453721886288894,0.99783519326199,0.0139616278474666,,0.0135079059611778,,0.669606086393586,,-0.143040150380731,-0.144058546067985
190,Uganda,2022-2030,inj_drowning,ssp245,ssp585,27,16.3270338395038,-121.406229931426,-105.079196091922,-5564.24315828135,16.3059097329165,-120.535292472054,-104.229382739138,-5520.43085780698,27,0.684793756244423,1.01804254754504,1.27722439705866,0,,,,-0.0211241065872194,0.998706188350262,0.87093745937149,,0.849813352784338,,43.8123004743711,,-0.155378366477233,-0.156442543401859
190,Uganda,2022-2030,inj_homicide,ssp245,ssp585,27,13.5886339636659,-44.4472247845351,-30.8585908208692,-1422.72344184943,13.7046982587012,-44.2083026278296,-30.5036043691284,-1406.26717789017,27,0.625051655607381,1.02349553341471,1.44718646419612,0,,,,0.116064295035388,1.00854127761081,0.238922156705456,,0.354986451740821,,16.4562639592648,,-0.44035173357547,-0.449281274857186
190,Uganda,2022-2030,inj_mech,ssp245,ssp585,27,2.22587827018468,-10.5594608641951,-8.33358259401045,-339.043457173585,2.23745340750232,-10.4618458094517,-8.22439240194938,-334.645622802572,27,0.641481650535285,1.02490059656734,1.46030660101144,0,,,,0.01157513731764,1.00520025621917,0.0976150547434322,,0.109190192061073,,4.39783437101227,,-0.267097403196612,-0.272050906395467
190,Uganda,2022-2030,inj_othunintent,ssp245,ssp585,27,2.96468940257681,-25.5017749298473,-22.5370855272705,-1005.36530930654,2.95731309723174,-25.2921006019298,-22.334787504698,-996.513568380553,27,0.698858925845441,1.02239061156764,1.26969064947598,0,,,,-0.00737630534507527,0.997511946668456,0.209674327917526,,0.20229802257246,,8.85174092598606,,-0.131547151426899,-0.13240838295908
190,Uganda,2022-2030,inj_suicide,ssp245,ssp585,27,16.5319475863947,-78.0901530727937,-61.558205486399,-2008.91399871888,16.6452429388455,-77.5236193079655,-60.87837636912,-1986.31381876029,27,0.651015027040096,1.03622589973267,1.33833540834507,0,,,,0.11329535245083,1.00685311587511,0.566533764828208,,0.679829117279027,,22.600179958587,,-0.268557984362416,-0.273417984046117
190,Uganda,2022-2030,inj_trans_other,ssp245,ssp585,27,1.48502401374293,-10.9664191609116,-9.48139514716865,-419.323027196971,1.48932878037384,-10.8614420077336,-9.37211322735973,-414.519168387978,27,0.663800910798302,1.03352042436482,1.31642869820832,0,,,,0.00430476663091128,1.0028987858722,0.104977153178,,0.109281919808918,,4.80385880899286,,-0.156625052610152,-0.158910668730088
190,Uganda,2022-2030,inj_trans_road,ssp245,ssp585,27,29.9979254150329,-45.6463769293963,-15.6484515143634,-596.046156122946,30.3313906806205,-45.6864069147084,-15.3550162340879,-585.019458868964,27,0.607500511227268,1.02111494227187,1.59248903354915,0,,,,0.333465265587549,1.011116277575,-0.0400299853120671,,0.293435280275483,,11.0266972539815,,-1.91699002214362,-1.97534084094845
190,Uganda,2022-2030,lri,ssp245,ssp585,27,36.7965965506852,204.93242111641,241.729017667095,9372.73946683099,35.7478768431094,201.533133455592,237.281010298702,9206.96471260906,27,0.619180446542772,0.962144678500636,1.60648245240428,27,0.810027916501834,0.974840244634596,1.16749509692659,-1.04871970757581,0.971499545993846,-3.39928766081721,0.983412640897429,-4.44800736839306,0.981599199751356,-165.774754221933,0.982313094820507,0.152222504794029,0.150656290607108
190,Uganda,2022-2030,resp_copd,ssp245,ssp585,27,-4.07512135430176,101.345095153428,97.269973799126,1454.63302556142,-4.07368874641823,100.193652399636,96.1199636532174,1437.10159655941,0,,,,27,0.845922051372312,0.975965607188049,1.24240554430774,0.00143260788353494,,-1.15144275379217,0.988638396835594,-1.15001014590865,0.988177131122873,-17.531429002014,0.987947868160598,-0.0418949568416392,-0.0423812971997714
190,Uganda,2031-2040,ckd,ssp245,ssp585,27,0.270945341680292,141.101970368105,141.372915709785,3038.46748312982,0.810014361934486,137.538736980489,138.348751342423,2975.70406177039,12,0.303211882067325,1.72728148321516,3.09497247813244,27,0.894792717814349,0.976536634946202,1.15521241064406,0.539069020254194,2.98958585857616,-3.56323338761612,0.974747103968,-3.02416436736198,0.978608601568563,-62.7634213594238,0.979343724523004,0.00191652934594981,0.00585487295024182
190,Uganda,2031-2040,cvd_cmp,ssp245,ssp585,27,-2.66982175414686,14.2972804130122,11.6274586588653,401.442686218695,-2.87923701595013,14.1881445402077,11.3089075242576,391.086442047682,0,,,,27,0.658341869262902,0.970688252627332,1.26728467922897,-0.209415261803273,,-0.109135872804481,0.992366669069094,-0.318551134607754,0.972603546144206,-10.3562441710126,0.974202434054632,-0.229613523683548,-0.254599041487798
190,Uganda,2031-2040,cvd_htn,ssp245,ssp585,27,-8.22552515518797,135.980001371102,127.754476215914,2071.67374072856,-8.16743347655315,132.661489341967,124.494055865414,2018.59907887405,0,,,,27,0.870748788801053,0.976263099445906,1.16314259624458,0.058091678634824,,-3.31851202913433,0.975595587618228,-3.26042035049949,0.974479012813695,-53.0746618545074,0.974380781678566,-0.0643854164552816,-0.0656050075626314
190,Uganda,2031-2040,cvd_ihd,ssp245,ssp585,27,-12.322763551243,242.110099753892,229.787336202649,4036.23798359461,-12.1444792015909,237.537705109406,225.393225907815,3959.82697637747,0,,,,27,0.893001174254344,0.979656515642937,1.15831147946843,0.178284349652092,,-4.57239464448628,0.981114399402858,-4.39411029483421,0.980877491477776,-76.411007217142,0.981068755725575,-0.0536268175386984,-0.0538812963551885
190,Uganda,2031-2040,cvd_stroke,ssp245,ssp585,27,11.5178917579605,191.198983990985,202.716875748946,3447.75202391161,12.9864286310685,186.551253542591,199.537682173659,3394.4885355759,27,0.578439989762804,1.12972425737491,2.0715108864979,27,0.904004668587965,0.979361862105536,1.14485428896972,1.468536873108,1.1275004926221,-4.64773044839464,0.975691657186767,-3.1791935752866,0.98431707491771,-53.2634883357118,0.984551241514382,0.0568176266302804,0.0650825873569402
190,Uganda,2031-2040,diabetes,ssp245,ssp585,27,21.3475817333075,98.8662020415566,120.213783774864,2249.22269578165,23.1894417553239,96.0256652167934,119.215106972117,2230.79199269077,27,0.724188554570411,1.07525177478389,1.5991824875782,27,0.90471452005405,0.98273879234325,1.12621853349328,1.84186002201639,1.08627956295127,-2.84053682476325,0.971268878887759,-0.998676802746829,0.991692493394791,-18.4307030908867,0.991805745546916,0.177580149821148,0.194517644150146
190,Uganda,2031-2040,inj_animal,ssp245,ssp585,27,7.2910574060022,-51.0457106418316,-43.7546532358294,-1643.96495966889,7.48447714130951,-49.9444701427319,-42.4599930014224,-1597.93841028493,27,0.790143580922719,1.0392994826642,1.36511288801545,0,,,,0.193419735307304,1.02652835172414,1.10124049909967,,1.29466023440701,,46.0265493839577,,-0.166635017462138,-0.17627127590574
190,Uganda,2031-2040,inj_disaster,ssp245,ssp585,27,0.257149463321476,-1.80148362845836,-1.54433416513689,-75.5292377377568,0.262634859889241,-1.76061421335875,-1.49797935346951,-73.2870666547952,27,0.768514971547401,1.02762961623879,1.36600559348955,0,,,,0.00548539656776403,1.0213315497412,0.0408694150996121,,0.0463548116673762,,2.24217108296162,,-0.166511542078514,-0.175326087960388
190,Uganda,2031-2040,inj_drowning,ssp245,ssp585,27,17.4087892433485,-111.476332316468,-94.0675430731194,-4737.3228978012,17.8680163525658,-109.549344395571,-91.6813280430052,-4622.72567427511,27,0.779267514561546,1.03902083728984,1.35909302764812,0,,,,0.459227109217299,1.02637903778362,1.92698792089679,,2.38621503011417,,114.597223526095,,-0.18506690697573,-0.194892643180129
190,Uganda,2031-2040,inj_homicide,ssp245,ssp585,27,19.360797138497,-51.5367919991083,-32.1759948606113,-1477.06006493328,20.5076748698115,-51.0141693113602,-30.5064944415487,-1400.87949540759,27,0.745513478637609,1.04606026617462,1.48962554522182,0,,,,1.14687773131448,1.05923711317826,0.522622687748068,,1.66950041906258,,76.1805695256926,,-0.601715571573446,-0.672239640942841
190,Uganda,2031-2040,inj_mech,ssp245,ssp585,27,3.06511896342652,-11.2485401897771,-8.18342122635062,-320.820244873589,3.26819384720554,-11.0416972982726,-7.77350345106705,-305.224783207188,27,0.736642981286472,1.04536661473186,1.48296868226715,0,,,,0.203074883779023,1.06625350800479,0.20684289150454,,0.409917775283567,,15.5954616664012,,-0.37455226593455,-0.420427400306476
190,Uganda,2031-2040,inj_othunintent,ssp245,ssp585,27,3.24348589636883,-24.1023213316459,-20.8588354352771,-891.889185692413,3.31593965152969,-23.6307908925772,-20.3148512410475,-869.415547946397,27,0.790588758710605,1.03619514430154,1.35833338279718,0,,,,0.0724537551608635,1.02233823653803,0.471530439068715,,0.543984194229576,,22.4736377460165,,-0.155496979034762,-0.163227365644185
190,Uganda,2031-2040,inj_suicide,ssp245,ssp585,27,25.7524209475716,-100.360953118928,-74.6085321713565,-2420.7659716327,27.0983190429709,-98.846097179239,-71.7477781362681,-2329.36208542908,27,0.766966592498103,1.04937414148414,1.44066260344825,0,,,,1.34589809539932,1.05226297357205,1.51485593968917,,2.86075403508843,,91.4038862036177,,-0.345167237554344,-0.377688616245426
190,Uganda,2031-2040,inj_trans_other,ssp245,ssp585,27,2.05469995830837,-12.1527059752739,-10.0980060169655,-434.540045509955,2.15681032368114,-11.883662294266,-9.72685197058487,-418.902718408564,27,0.774331050945694,1.03442271265655,1.42112734725037,0,,,,0.10211036537277,1.04969599817233,0.269043681007847,,0.371154046380616,,15.6373271013907,,-0.203475810457659,-0.221737755463287
190,Uganda,2031-2040,inj_trans_road,ssp245,ssp585,27,43.0243561868247,-54.6304379175444,-11.6060817307196,-426.757363843739,46.0764762588712,-54.8475184736929,-8.7710422148217,-326.469869293803,27,0.701834753026172,1.05842103570812,1.55920558640418,4,0.352030929966533,1.70055954811855,3.59835718654872,3.05212007204653,1.0709393548806,-0.217080556148581,,2.83503951589793,,100.287494549936,,-3.70705266299697,-5.25324985678545
190,Uganda,2031-2040,lri,ssp245,ssp585,27,38.4576063373925,180.711765853707,219.169372191099,7288.20673440843,40.2783569347222,175.927217880664,216.205574815386,7198.63635364991,27,0.718327698448033,1.03665621891913,1.6733140192128,27,0.884252493160234,0.982523526069759,1.13589689799826,1.82075059732964,1.04734435579157,-4.78454797304315,0.97352387128508,-2.96379737571357,0.986477137083144,-89.5703807585223,0.987710230510387,0.175469801975161,0.18629656968427
190,Uganda,2031-2040,resp_copd,ssp245,ssp585,27,-4.65995251419598,114.472725366952,109.812772852756,1658.88673442892,-4.53576142254349,111.622211754484,107.08645033194,1617.79598718273,0,,,,27,0.867090306678641,0.974559343064257,1.16762168948369,0.124191091652491,,-2.85051361246839,0.975098752970799,-2.72632252081596,0.975172992631089,-41.0907472461861,0.975229925953726,-0.0424354325379283,-0.0423560722059962
190,Uganda,2041-2050,ckd,ssp245,ssp585,27,7.09165881358199,202.313520712764,209.405179526346,4185.41790809477,9.01637114092394,182.050656674448,191.067027815372,3818.81916275489,27,0.117954464264716,1.27792302484489,4.6294484735226,27,0.740595549773719,0.90539881728711,1.03049509410403,1.92471232734195,1.27140509406004,-20.2628640383154,0.899844241912612,-18.3381517109735,0.912427420599373,-366.598745339875,0.912410480054845,0.0338657278183025,0.0471895713458026
190,Uganda,2041-2050,cvd_cmp,ssp245,ssp585,27,-4.53905603182448,18.5385194221163,13.9994633902918,443.270648860796,-5.78445759794545,17.6863818403856,11.9019242424402,376.936002877493,0,,,,27,0.405157431049662,0.888028052595342,1.01668549363372,-1.24540156612097,,-0.852137581730691,0.954034215876264,-2.09753914785166,0.850170032280935,-66.3346459833023,0.850351819698006,-0.324230715512436,-0.486010285405707
190,Uganda,2041-2050,cvd_htn,ssp245,ssp585,27,-10.3656219639785,191.490357153944,181.124735189966,2950.58912765578,-10.5586773603082,172.689082721667,162.130405361358,2640.97358904746,0,,,,27,0.665017214666484,0.888795804603838,1.08384418905562,-0.193055396329708,,-18.8012744322774,0.901816077259898,-18.9943298286073,0.895131220985992,-309.615538608324,0.895066535795748,-0.0572291904421939,-0.0651245973065624
190,Uganda,2041-2050,cvd_ihd,ssp245,ssp585,27,-10.6421463349709,270.069441977916,259.427295642945,4484.33741246377,-11.630140350462,246.007557029473,234.377416679011,4051.66659209814,0,,,,27,0.7119023047639,0.902009143293412,1.03458093563685,-0.987994015491084,,-24.0618849484428,0.910904822210836,-25.0498789639339,0.903441621661853,-432.670820365634,0.903515105896566,-0.0410216909080298,-0.0496214205073775
190,Uganda,2041-2050,cvd_stroke,ssp245,ssp585,27,23.0132982875571,206.667991403065,229.681289690622,3821.36130434084,27.4474438697614,184.756666485411,212.204110355172,3530.81305528617,27,0.474205759338232,1.16374467983661,2.66793390534168,27,0.777762064688939,0.921605646317592,1.01415120549809,4.43414558220422,1.19267753482349,-21.9113249176539,0.893978139677565,-17.4771793354498,0.923906821670188,-290.548249054671,0.923967344117756,0.100196660853637,0.129344543910209
190,Uganda,2041-2050,diabetes,ssp245,ssp585,27,39.4667407435533,114.346608885125,153.813349628678,2780.83057667847,46.1590936872491,100.359376817666,146.518470504915,2648.63637101751,27,0.591624003394684,1.14386057257432,2.22755137438412,27,0.896537599551431,0.947409713524426,1.02423691356854,6.69235294369582,1.16956943536791,-13.9872320674592,0.877676896553084,-7.29487912376328,0.952573172995882,-132.194205660961,0.952462330222628,0.256588526540968,0.315039418089617
190,Uganda,2041-2050,inj_animal,ssp245,ssp585,27,10.4212219855975,-64.8461912441544,-54.4249692585569,-1840.39351409536,11.2594890471166,-58.84959272725,-47.5901036801334,-1610.23481698643,27,0.812284928673457,1.08315797610056,1.53282554270609,0,,,,0.838267061519071,1.08043846131265,5.99659851690443,,6.83486557842348,,230.158697108936,,-0.191478693099291,-0.23659307663616
190,Uganda,2041-2050,inj_disaster,ssp245,ssp585,27,0.28555365948059,-1.78661069434866,-1.50105703486807,-71.4462959755178,0.312232700593415,-1.61970377081269,-1.30747107021927,-62.2283773784597,27,0.814563026540096,1.08541461398013,1.55478542289855,0,,,,0.0266790411128253,1.09342916900926,0.16690692353597,,0.193585964648796,,9.21791859705816,,-0.190235049600023,-0.238806584486073
190,Uganda,2041-2050,inj_drowning,ssp245,ssp585,27,19.0625642356852,-106.799174767702,-87.7366105320171,-4058.84834181126,20.8566620055759,-97.4421750185727,-76.5855130129968,-3544.1595575127,27,0.796931939935198,1.09123607010105,1.61867684344116,0,,,,1.7940977698907,1.09411628717464,9.35699974912954,,11.1510975190202,,514.68878429856,,-0.217270351796059,-0.27233168761351
190,Uganda,2041-2050,inj_homicide,ssp245,ssp585,27,26.2123433676765,-57.3415403685048,-31.1291970008283,-1414.96061557884,30.6383760054492,-54.1215225006386,-23.4831464951893,-1067.40234414639,27,0.695418906015118,1.13354354016048,1.9919174200865,0,,,,4.42603263777275,1.16885299325167,3.22001786786628,,7.64605050563901,,347.558271432454,,-0.842050097436789,-1.30469637072382
190,Uganda,2041-2050,inj_mech,ssp245,ssp585,27,4.45978802882192,-12.6177611360429,-8.15797310722095,-299.550260627023,5.27797041432699,-11.5731052118418,-6.29513479751483,-231.232455761539,27,0.666900620523736,1.14702857670383,2.06179826017807,0,,,,0.818182385505068,1.18345768458444,1.04465592420106,,1.86283830970612,,68.3178048654837,,-0.546678442084392,-0.838420555571043
190,Uganda,2041-2050,inj_othunintent,ssp245,ssp585,27,3.53446207481463,-23.2477263866068,-19.7132643117922,-791.857070998064,3.814212704117,-21.0466993479263,-17.2324866438093,-692.302493700112,27,0.818356344409793,1.07484671189832,1.54093720354097,0,,,,0.279750629302371,1.07914942171704,2.20102703868049,,2.48077766798286,,99.5545772979517,,-0.179293597392714,-0.221338497626936
190,Uganda,2041-2050,inj_suicide,ssp245,ssp585,27,40.4393834756211,-131.367085776958,-90.9277023013366,-2842.75869347758,46.2500373959627,-122.251854327758,-76.0018169317949,-2375.8510349237,27,0.72433234950616,1.12709379848274,1.86384939610522,0,,,,5.81065392034167,1.14368799474514,9.11523144920018,,14.9258853695418,,466.907658553886,,-0.444742168251475,-0.608538575301012
190,Uganda,2041-2050,inj_trans_other,ssp245,ssp585,27,2.80970332639727,-13.2001289872748,-10.3904256608775,-428.394874069288,3.21481229126032,-11.9235528274612,-8.70874053620091,-359.09738336093,27,0.720783759298252,1.12845014337584,1.86426817470162,0,,,,0.40510896486305,1.14418211383993,1.27657615981356,,1.68168512467661,,69.2974907083581,,-0.270412725917138,-0.369147786398829
190,Uganda,2041-2050,inj_trans_road,ssp245,ssp585,27,64.6624902088087,-70.8655071571619,-6.20301694835323,-215.618581310099,77.31033903031,-69.9132092684092,7.39712976190086,250.291258524928,27,0.650090043200913,1.16079374020567,2.14047651864332,9,0.846847042319081,1.49127709280105,4.02346974801271,12.6478488215014,1.19559792362866,0.952297888752724,,13.6001467102541,,465.909839835027,,-10.4243613627358,10.451396895658
190,Uganda,2041-2050,lri,ssp245,ssp585,27,51.7734801021814,176.292654821286,228.066134923468,6227.77555773186,53.690473904757,157.648088918942,211.338562823699,5768.44681996359,27,0.689590709606971,1.00989302551859,1.59397265951064,27,0.807316619076605,0.916902919625011,1.04980523767467,1.91699380257551,1.03702655874768,-18.6445659023444,0.894240824036345,-16.7275720997688,0.926654730631612,-459.328737768274,0.926245136243227,0.227010819118564,0.254049583698296
190,Uganda,2041-2050,resp_copd,ssp245,ssp585,27,-4.42755103021278,140.126040537925,135.698489507712,2041.2635965136,-4.11738461448669,125.602670004015,121.485285389529,1827.36840312104,0,,,,27,0.664788633454228,0.893104928377812,1.08584281128417,0.31016641572609,,-14.5233705339093,0.896354949599974,-14.2132041181832,0.895258936413029,-213.895193392559,0.895214320307341,-0.0326278578801805,-0.033892043808308
214,Nigeria,2022-2030,ckd,ssp245,ssp585,27,362.839412679573,195.127385081529,557.966797761102,10074.6546294167,359.708022585516,191.550724944053,551.25874752957,9949.53131922952,27,0.780102687593572,0.978357798024745,1.33442614790058,27,0.872364259469579,0.993794084613243,1.13814115687324,-3.13139009405649,0.991369763083533,-3.57666013747601,0.981670127255682,-6.70805023153264,0.987977689248806,-125.12331018716,0.987580387140834,0.650288537123539,0.652521205690657
214,Nigeria,2022-2030,cvd_cmp,ssp245,ssp585,27,-261.507168374198,65.561358243864,-195.945810130333,-4798.82804152464,-263.7054270809,64.4608953498973,-199.244531731003,-4878.56306483616,0,,,,0,,,,-2.19825870670286,,-1.10046289396671,0.983214763643648,-3.29872160066964,,-79.7350233115203,,1.33458923260597,1.32352654695149
214,Nigeria,2022-2030,cvd_htn,ssp245,ssp585,27,183.024747968512,114.701819425432,297.726567393944,3847.35874573461,179.631641425124,112.541390185578,292.173031610702,3775.64117546147,27,0.683794361373798,0.96123984908684,1.51136731237296,27,0.83382249559587,0.991054181318266,1.18357906004612,-3.39310654338829,0.98146094131504,-2.16042923985358,0.981164821528763,-5.55353578324173,0.981346858522392,-71.7175702731424,0.981359271382568,0.614741067854851,0.614812532268444
214,Nigeria,2022-2030,cvd_ihd,ssp245,ssp585,27,858.234567995923,835.782820207032,1694.01738820295,20091.9794801374,835.8161948405,820.613705312493,1656.42990015299,19646.5374117076,27,0.721949226078745,0.993586053437662,1.39363296532416,27,0.853370988895461,0.988741561500336,1.11890096778885,-22.418373155423,0.973878501296245,-15.169114894539,0.98185041074333,-37.5874880499621,0.977811627961012,-445.442068429762,0.977829856492233,0.506626776072443,0.504588932355847
214,Nigeria,2022-2030,cvd_stroke,ssp245,ssp585,27,1788.41650833229,236.030884254589,2024.44739258688,25878.6354854512,1772.72705321331,230.969733771364,2003.69678698467,25611.3503844857,27,0.837372090106498,0.984013109111897,1.22448521007447,27,0.864782992375257,0.993790389056021,1.16648913744345,-15.6894551189837,0.9912271805556,-5.06115048322482,0.978557253220448,-20.7506056022091,0.989749990205627,-267.285100965477,0.989671592185927,0.883409722021482,0.884728200757887
214,Nigeria,2022-2030,diabetes,ssp245,ssp585,27,1272.1249929102,63.7285130941261,1335.85350600433,18750.3060062997,1265.58195154432,61.5745870674153,1327.15653861173,18627.1045998688,27,0.850541511033277,0.982748536266174,1.21365981833358,27,0.863203715046437,0.993085092357959,1.18046480306155,-6.54304136588416,0.994856604970149,-2.15392602671083,0.966201533314774,-8.69696739259553,0.993489579992488,-123.201406430941,0.993429365558645,0.952293786101782,0.953604126358881
214,Nigeria,2022-2030,inj_animal,ssp245,ssp585,27,37.6679503170313,-14.1211448979314,23.5468054190999,887.684227549434,37.3535989528631,-13.6473272584205,23.7062716944426,894.782717147932,27,0.689743058866815,1.01355566505877,1.44492883206913,27,0.738935798990157,1.03405814629899,1.44476512980185,-0.314351364168161,0.991654672964087,0.473817639510864,,0.159466275342705,1.00677231040493,7.09848959849762,1.0079966381943,1.59970533779827,1.57568425074702
214,Nigeria,2022-2030,inj_disaster,ssp245,ssp585,27,1.15467297124474,-0.473620451863133,0.681052519381603,27.9402645793856,1.14656893152326,-0.463060276864683,0.683508654658577,28.0432190253811,27,0.785067810969656,0.99697298808081,1.22248059811392,27,0.766770974320351,1.01201424079503,1.27380083090765,-0.00810403972147733,0.992981528170057,0.0105601749984507,,0.00245613527697353,1.00360638160359,0.102954445995508,1.00368480569334,1.69542427108732,1.67747536729581
214,Nigeria,2022-2030,inj_drowning,ssp245,ssp585,27,347.803040744095,-94.558553806142,253.244486937954,12534.778444472,346.857770664622,-92.2387861418892,254.618984522733,12603.3351900374,27,0.910066899220468,1.00264668927028,1.06781646949321,27,0.942666483675947,0.999875684667424,1.06925808141508,-0.945270079473232,0.99728216844381,2.31976766425278,,1.3744975847795,1.00542755185473,68.5567455654109,1.00546932248297,1.37338840007723,1.36226201402376
214,Nigeria,2022-2030,inj_homicide,ssp245,ssp585,27,1271.0819466876,-239.535281923801,1031.5466647638,37093.7800501429,1270.95085819688,-235.88805803272,1035.06280016416,37217.9066698678,27,0.872577037147416,0.990482405561634,1.18621707225153,27,0.830814150337916,0.993846637423994,1.26726774661598,-0.1310884907125,0.99989686857637,3.64722389108098,,3.51613540036874,1.00340860527252,124.126619724877,1.00334629200791,1.23220983607043,1.22789733917141
214,Nigeria,2022-2030,inj_mech,ssp245,ssp585,27,125.533274137443,-23.331064432569,102.202209704874,3906.93013243386,125.514849222932,-22.995577153544,102.519272069388,3918.53186587776,27,0.863497263870872,0.99065682246419,1.20238794748944,27,0.824181282953376,0.996974466537845,1.28011685187155,-0.0184249145106179,0.99985322684653,0.335487279024989,,0.317062364514356,1.00310230439665,11.6017334438925,1.00296952672575,1.2282833658875,1.22430492032737
214,Nigeria,2022-2030,inj_othunintent,ssp245,ssp585,27,27.7041856407958,-9.8332583070489,17.8709273337469,701.616485615597,27.5328155774677,-9.53692866980472,17.995886907663,706.916820655159,27,0.75007534036803,1.01866668943579,1.2714110435772,27,0.835315818841797,1.01104338965204,1.21546539268253,-0.171370063328123,0.993814289813458,0.296329637244178,,0.124959573916041,1.00699233853859,5.30033503956179,1.00755446194357,1.55023771981211,1.52995046694496
214,Nigeria,2022-2030,inj_suicide,ssp245,ssp585,27,551.817415768651,-116.452226139511,435.365189629141,11474.4702990747,551.52060557458,-114.384349062412,437.136256512169,11521.1086631878,27,0.906610012194538,0.992561728236276,1.1326282287314,27,0.854652863856041,0.996187782643303,1.22926219033314,-0.296810194070872,0.999462122460094,2.06787707709896,,1.77106688302808,1.00406800296674,46.6383641131506,1.00406453308062,1.26748171170669,1.26166749465044
214,Nigeria,2022-2030,inj_trans_other,ssp245,ssp585,27,26.5352537117391,-5.29068397339574,21.2445697383433,721.505702977418,26.5260634106203,-5.20335150010946,21.3227119105109,724.076978818238,27,0.893035682658014,0.991886942682971,1.15543487411066,27,0.845644468903286,0.990975229865495,1.24531434630101,-0.00919030111873553,0.999653656934334,0.0873324732862795,,0.078142172167528,1.00367821862857,2.57127584081957,1.00356376370999,1.24903700279921,1.24402859832968
214,Nigeria,2022-2030,inj_trans_road,ssp245,ssp585,27,1732.77302638784,-315.104285383334,1417.6687410045,45011.9003227741,1733.26180865465,-310.797730162124,1422.46407849252,45159.5799115126,27,0.857689328993678,0.990853290944274,1.21174266551569,27,0.821232578051276,0.997280441052482,1.28365824848816,0.488782266809722,1.00028208095311,4.30655522120986,,4.79533748802032,1.00338255147294,147.679588738407,1.00328090099906,1.22226933293321,1.21849249823693
214,Nigeria,2022-2030,lri,ssp245,ssp585,27,4275.92402076903,471.846529496461,4747.77055026549,206375.075106177,4193.35227731971,465.444662304748,4658.79693962445,202461.895760152,27,0.866253139978706,0.98091889213605,1.12017758666017,27,0.874300255201207,0.985857410932194,1.08760124532658,-82.5717434493263,0.980689146241079,-6.40186719171311,0.986432310525745,-88.9736106410401,0.981259917744748,-3913.1793460247,0.981038507949609,0.900617242450759,0.900093378540283
214,Nigeria,2022-2030,resp_copd,ssp245,ssp585,27,133.823987802299,55.0342840904586,188.858271892758,2072.22289305124,132.465011670009,53.7450456606956,186.210057330705,2043.17199644285,27,0.750543527317008,0.966053830168485,1.37922395031961,27,0.855476960986796,0.992067880208608,1.155047674652,-1.3589761322896,0.989845048301077,-1.28923842976305,0.976573903866107,-2.6482145620526,0.985977767690491,-29.0508966083823,0.985980805102676,0.708594791539183,0.711374098525486
214,Nigeria,2031-2040,ckd,ssp245,ssp585,27,884.51274017847,323.237833629626,1207.7505738081,19849.2323077691,917.829158214482,323.336844048024,1241.16600226251,20388.3424856514,27,0.880248237154951,1.03866266768567,1.14198089019773,27,0.926670623992539,1.02585165472878,1.10698521162147,33.3164180360121,1.03766640832023,0.0990104183974836,1.00030630826004,33.4154284544102,1.02766749126771,539.110177882321,1.02716025332986,0.732363750728396,0.739489445039086
214,Nigeria,2031-2040,cvd_cmp,ssp245,ssp585,27,-387.187952144578,75.9201459551949,-311.267806189383,-7020.52652306993,-397.704128375579,74.8314104755832,-322.872717899996,-7273.22127605337,0,,,,0,,,,-10.5161762310013,,-1.08873547961167,0.985659465403897,-11.604911710613,,-252.694752983432,,1.24390619410542,1.2317675242501
214,Nigeria,2031-2040,cvd_htn,ssp245,ssp585,27,409.757460708921,170.846757829588,580.604218538508,7294.58328466442,430.510750562304,169.946627570565,600.457378132869,7541.49540337201,27,0.775014202095353,1.0545880903439,1.19605256706736,27,0.901384946294789,1.03648607833731,1.1496667549599,20.7532898533834,1.05064774126987,-0.900130259022433,0.994731358847791,19.8531595943612,1.03419396373718,246.91211870759,1.03384869417101,0.705743168281413,0.716971372557671
214,Nigeria,2031-2040,cvd_ihd,ssp245,ssp585,27,1911.20488450643,1073.4661622382,2984.67104674463,34499.8406703066,1989.82257930593,1074.00718188831,3063.82976119424,35411.3086118462,27,0.836240221085735,1.04760216657704,1.17384078459616,27,0.908812303622985,1.02847039704149,1.1315080423011,78.6176947994989,1.04113514748567,0.541019650111366,1.00050399320365,79.1587144496084,1.02652175506441,911.467941539588,1.02641948263616,0.640340209883758,0.649455986265479
214,Nigeria,2031-2040,cvd_stroke,ssp245,ssp585,27,2665.57510459196,308.793823947092,2974.36892853905,36265.5143388486,2749.39944581547,310.2409455868,3059.64039140227,37295.062094849,27,0.876702507497658,1.03078273754485,1.11421579131677,27,0.909282700098014,1.03181799055986,1.10193526628061,83.8243412235079,1.03144700034117,1.44712163970775,1.00468636846816,85.2714628632157,1.02866875794897,1029.54775600043,1.02838916736106,0.896181734221261,0.898602153881028
214,Nigeria,2031-2040,diabetes,ssp245,ssp585,27,1973.38782039601,96.2501538179677,2069.63797421398,27640.4637279532,2031.39127805976,98.2223082345562,2129.61358629432,28428.9701504318,27,0.891738159701162,1.03118913937627,1.10557017699396,27,0.913639945359002,1.03005489710775,1.10223059063314,58.0034576637518,1.02939283250066,1.97215441658847,1.02048988327144,59.97561208034,1.02897879379273,788.506422478542,1.02852725013007,0.953494207674401,0.953877873025092
214,Nigeria,2031-2040,inj_animal,ssp245,ssp585,27,30.4665887057114,-12.7240883905528,17.7425003151587,610.128027294214,28.0530431234562,-12.2197906785012,15.833252444955,544.70399576004,27,0.619279402242333,0.935515877483955,1.3943028487811,27,0.562651025339294,0.865342102778102,1.52767919620591,-2.41354558225523,0.920780576861801,0.504297712051567,,-1.90924787020366,0.892391273141336,-65.4240315341734,0.892769994808606,1.71715305985829,1.77178019620314
214,Nigeria,2031-2040,inj_disaster,ssp245,ssp585,27,0.772906568615799,-0.385418821666923,0.387487746948876,15.6325698997807,0.733076727894636,-0.372073239699502,0.361003488195134,14.5672735672552,27,0.695806903184597,0.948732147722401,1.3837282078171,27,0.594990027612313,0.972342686809406,1.93081986338868,-0.0398298407211625,0.948467457337704,0.0133455819674205,,-0.0264842587537418,0.931651364559829,-1.06529633252545,0.931854049631315,1.99466066914827,2.03066383529897
214,Nigeria,2031-2040,inj_drowning,ssp245,ssp585,27,267.293383268405,-70.6030533154374,196.690329952967,9439.79012233886,264.662821711183,-69.0525898785833,195.610231832599,9385.93956144135,27,0.90826561543659,0.998233011026913,1.07850045855158,27,0.851125052055635,1.00075096905963,1.08638239217261,-2.63056155722188,0.990158523473137,1.55046343685405,,-1.08009812036795,0.994508636389871,-53.8505608975138,0.994295364600313,1.35895538602391,1.35301113459994
214,Nigeria,2031-2040,inj_homicide,ssp245,ssp585,27,1574.92208494661,-267.239004965699,1307.68307998091,45472.8724124563,1613.60926599755,-265.40005790875,1348.2092080888,46865.1119443061,27,0.893972059947827,1.03028213057327,1.09767309136659,27,0.833724310581008,1.0312856187899,1.14246044118888,38.6871810509413,1.02456450475914,1.838947056949,,40.5261281078899,1.03099078723912,1392.23953184977,1.03061692516852,1.20436068115954,1.19685376447249
214,Nigeria,2031-2040,inj_mech,ssp245,ssp585,27,144.362527660673,-24.1757727153724,120.186754945301,4375.39731631945,148.055430076978,-24.0292676981867,124.026162378791,4512.5762046309,27,0.881693200894224,1.0306017271229,1.10488159935991,27,0.82777291071206,1.03028939882901,1.14987703047559,3.69290241630463,1.02558075475781,0.146505017185707,,3.83940743349044,1.03194534568504,137.178888311449,1.03135232720462,1.20115172197115,1.19374353956707
214,Nigeria,2031-2040,inj_othunintent,ssp245,ssp585,27,18.1039539942384,-7.35329280899014,10.7506611852483,393.737364153301,17.0559981662875,-7.10612898300855,9.94986918327892,364.657912353225,27,0.723357370308884,0.971062797632674,1.27822739518226,27,0.739953082460945,0.933307240454663,1.22392946885106,-1.04795582795095,0.942114533196204,0.247163825981586,,-0.800792001969361,0.925512302157919,-29.0794518000757,0.926145053917835,1.6839851691243,1.7141932071781
214,Nigeria,2031-2040,inj_suicide,ssp245,ssp585,27,737.399323087286,-138.932148639379,598.467174447907,15372.0765097264,751.777862080741,-137.270328343899,614.507533736842,15779.0183345134,27,0.920839814788111,1.02493735218406,1.07451903109935,27,0.840172242288981,1.03385109340371,1.12456389390027,14.3785389934549,1.01949898588631,1.66182029547966,,16.0403592889347,1.02680240449901,406.941824787047,1.02647279465006,1.2321466482561,1.22338266141206
214,Nigeria,2031-2040,inj_trans_other,ssp245,ssp585,27,33.5768337261197,-6.07500465368912,27.5018290724306,886.111345572006,34.3321209708297,-6.01830944857374,28.313811522256,911.90262978165,27,0.911539405687003,1.02851254893039,1.08569710955548,27,0.834924161182413,1.0319158178963,1.13402621333469,0.755287244709997,1.02249429624219,0.0566952051153775,,0.811982449825386,1.02952467080233,25.7912842096436,1.02910614375781,1.22089456805544,1.212557374829
214,Nigeria,2031-2040,inj_trans_road,ssp245,ssp585,27,2128.85981763225,-350.362988866933,1778.49682876532,53882.8493802788,2186.5310428973,-348.719612723812,1837.81143017349,55648.649435303,27,0.88146320374474,1.03210011863396,1.11230962275863,27,0.833679642991839,1.03205459211559,1.15185959822094,57.6712252650496,1.02709019390915,1.64337614312166,,59.3146014081706,1.03335097395105,1765.80005502418,1.03277109646823,1.19699950160168,1.18974722161288
214,Nigeria,2031-2040,lri,ssp245,ssp585,27,3365.41439754458,222.203444800296,3587.61784234488,134986.63618856,3455.60513125718,215.089324766683,3670.69445602387,137994.977081241,27,0.892755330555498,1.03018790746433,1.1266296384869,27,0.901919155480012,1.01981988588364,1.1059891802254,90.1907337125999,1.02679929514131,-7.11412003361338,0.967983754527266,83.0766136789871,1.02315648358597,3008.34089268104,1.0222862127513,0.938063792030017,0.941403642459615
214,Nigeria,2031-2040,resp_copd,ssp245,ssp585,27,261.369256564361,76.3618254989423,337.731082063304,3578.96940981675,271.651335369095,76.3539756099725,348.005310979067,3686.35554550961,27,0.815974146716545,1.03876790061874,1.14482415271291,27,0.908279574725081,1.02964219779885,1.11166978275787,10.2820788047333,1.03933928167333,-0.00784988896975847,0.999897201397184,10.2742289157634,1.0304213306427,107.386135692856,1.03000476489078,0.773897548805919,0.780595372538538
214,Nigeria,2041-2050,ckd,ssp245,ssp585,27,1967.06688544969,569.87725581625,2536.94414126594,36932.8900021456,2164.83407102965,518.029344707816,2682.86341573746,39039.7863503209,27,0.893164600575497,1.10357381735669,1.33374582001294,27,0.892113552401529,1.05318690414815,1.21573162817256,197.767185579958,1.10053912606777,-51.8479111084341,0.909019160566127,145.919274471526,1.05751773249478,2106.89634817529,1.05704661476675,0.775368623003312,0.806911771330177
214,Nigeria,2041-2050,cvd_cmp,ssp245,ssp585,27,-593.894818154369,96.4789960448678,-497.415822109501,-9962.6060916486,-650.694988902894,85.3884411756276,-565.306547727267,-11303.9208515085,0,,,,0,,,,-56.8001707485253,,-11.0905548692403,0.885046949865828,-67.8907256177655,,-1341.31475985987,,1.19396044869604,1.15104803140689
214,Nigeria,2041-2050,cvd_htn,ssp245,ssp585,27,882.6062537865,265.559834144792,1148.16608793129,13773.1645865348,994.321116386287,239.49454770208,1233.81566408837,14793.5902673588,27,0.86243813504576,1.12925538945452,1.50836410800187,27,0.881206964071198,1.0686068429874,1.30711901734772,111.714862599787,1.12657383983007,-26.0652864427114,0.901847783093208,85.6495761570757,1.0745968523695,1020.42568082404,1.07408796100655,0.768709564812819,0.805891143488573
214,Nigeria,2041-2050,cvd_ihd,ssp245,ssp585,27,3403.52649284973,1365.80098738907,4769.32748023881,52691.9368737248,3794.77087514467,1240.42898085861,5035.19985600328,55614.3946973184,27,0.865765093911294,1.08905581738589,1.39274303884083,27,0.877274308466004,1.04601797095445,1.23176765527595,391.244382294939,1.1149526478248,-125.372006530461,0.908206241108283,265.872375764478,1.05574630319811,2922.45782359359,1.05546309353929,0.713628180692536,0.753648511214567
214,Nigeria,2041-2050,cvd_stroke,ssp245,ssp585,27,4032.26158258,387.561248757716,4419.82283133771,51069.8720498611,4415.1019798589,352.551373104904,4767.6533529638,55072.985116672,27,0.899436068581149,1.07939031564802,1.30998069529099,27,0.89988068625319,1.05912480983787,1.26311057898324,382.840397278903,1.09494433568815,-35.0098756528115,0.909666212076074,347.830521626092,1.07869784262842,4003.11306681095,1.07838502244342,0.912312944761088,0.92605348019152
214,Nigeria,2041-2050,diabetes,ssp245,ssp585,27,3188.0602200562,127.753227972794,3315.81344802899,40761.4261342908,3472.27843391568,116.356958345057,3588.63539226074,44086.3809530351,27,0.907966953472209,1.08087803569669,1.28005978417452,27,0.907186914902354,1.07027413401665,1.25661614928554,284.218213859483,1.08915082973385,-11.3962696277371,0.910794663989516,272.821944231746,1.08227903906775,3324.95481874437,1.08157111107423,0.961471527281267,0.967576266288854
214,Nigeria,2041-2050,inj_animal,ssp245,ssp585,27,21.2838506514929,-11.7479007376393,9.53594991385356,299.662687913605,14.9258986669896,-9.31244130334534,5.61345736364422,182.674234215857,26,0.220074496264087,0.62017920515558,1.1962311281378,19,0.194280603208686,0.635841597757074,1.38738587390431,-6.35795198450335,0.701278115101913,2.435459434294,,-3.92249255020934,0.588662630818682,-116.988453697748,0.609599531685851,2.2319591486709,2.6589493248239
214,Nigeria,2041-2050,inj_disaster,ssp245,ssp585,27,0.556432031611021,-0.337583250512615,0.218848781098407,8.69169349417796,0.457058172789444,-0.285700122278141,0.171358050511303,6.84737154216932,27,0.451073129779098,0.799317361867058,1.15196352253819,27,0.320475532081523,0.709298718625722,2.02109675004544,-0.0993738588215773,0.821408809744718,0.0518831282344741,,-0.0474907305871031,0.782997509290451,-1.84432195200863,0.78780637475953,2.54254115018726,2.66726991481089
214,Nigeria,2041-2050,inj_drowning,ssp245,ssp585,27,218.831459987377,-53.6813527358061,165.150107251571,7392.07249701546,218.560658352971,-45.8613304243358,172.699327928635,7722.39143776955,27,0.866938399966584,1.00234192215933,1.07997503833883,27,0.923361351170074,1.05018205907756,1.1152342130989,-0.270801634406183,0.998762510498162,7.82002231147034,,7.54922067706411,1.04571126717807,330.318940754082,1.04468556563636,1.32504582424542,1.26555592876011
214,Nigeria,2041-2050,inj_homicide,ssp245,ssp585,27,1982.44110252691,-305.34946550081,1677.0916370261,55552.7173389749,2140.32393482288,-275.507330183029,1864.81660463985,61741.6490834303,27,0.922920651569247,1.08140066066081,1.25652386399494,27,0.925142869273949,1.12649499320532,1.35136917113137,157.882832295971,1.07964061686106,29.8421353177806,,187.724967613752,1.11193483019606,6188.93174445542,1.11140646292226,1.18207082949997,1.14773963804137
214,Nigeria,2041-2050,inj_mech,ssp245,ssp585,27,176.01217857063,-26.87458160826,149.13759696237,5011.45623837609,190.4457493468,-24.3285627128339,166.117186633966,5577.73053275984,27,0.918177414237806,1.09025275896889,1.27438576060294,27,0.921595078074659,1.12774384313842,1.36506187119986,14.4335707761701,1.08200325053291,2.54601889542609,,16.9795896715962,1.11385183895568,566.274294383755,1.11299595715262,1.18019991038907,1.14645421828893
214,Nigeria,2041-2050,inj_othunintent,ssp245,ssp585,27,11.7704796362495,-5.58282797289287,6.18765166335668,201.772928858716,9.6884338297976,-4.56858774129651,5.11984608850108,166.125584978931,27,0.452965896633536,0.838943316876932,1.14063791901713,27,0.437815013719249,0.849058228849847,1.25013057525169,-2.08204580645195,0.823112917162707,1.01424023159636,,-1.0678055748556,0.827429591555849,-35.6473438797848,0.823329402604125,1.90225311259107,1.89232911738447
214,Nigeria,2041-2050,inj_suicide,ssp245,ssp585,27,1046.10178722324,-177.333104107409,868.768683115836,21097.8860668575,1118.71912979098,-157.892172467442,960.826957323538,23321.7130935981,27,0.936628039315981,1.06319114158571,1.1874274305365,27,0.93639961356991,1.10982704468762,1.29785839039754,72.6173425677357,1.06941709062604,19.4409316399667,,92.0582742077022,1.10596407996377,2223.82702674057,1.10540520598573,1.20412004662899,1.16432945731171
214,Nigeria,2041-2050,inj_trans_other,ssp245,ssp585,27,44.755442566775,-7.39914501284449,37.3562975539305,1127.12453149077,48.054181230858,-6.62943594574269,41.4247452851153,1249.16723697975,27,0.929773170022577,1.07219044184781,1.21601217436127,27,0.929434430972224,1.12089643883796,1.31863873895817,3.298738664083,1.07370586625663,0.769709067101798,,4.0684477311848,1.10890928699,122.042705488978,1.10827792500227,1.19806954910782,1.16003564777802
214,Nigeria,2041-2050,inj_trans_road,ssp245,ssp585,27,2791.74058033581,-418.077159875272,2373.66342046054,66863.6826157149,3027.3594434593,-378.920436193343,2648.43900726596,74552.9337876977,27,0.917383246870746,1.09785064051568,1.28599067706697,27,0.922864354638645,1.13418017835188,1.37466353235016,235.61886312349,1.08439855220901,39.1567236819292,,274.775586805421,1.11576013028507,7689.2511719828,1.11499891826442,1.17613161001325,1.14307312162137
214,Nigeria,2041-2050,lri,ssp245,ssp585,27,3489.9407492136,108.696030617507,3598.63677983111,106325.551084844,3747.55498775029,88.0056813275564,3835.56066907784,113045.82933067,27,0.921226956345346,1.05734733266362,1.33534922499276,27,0.923417235544911,1.05335566573091,1.3081641313441,257.614238536685,1.07381622126242,-20.6903492899508,0.809649449272361,236.923889246736,1.06583712214986,6720.27824582592,1.06320473467815,0.969795220449392,0.977055328041854
214,Nigeria,2041-2050,resp_copd,ssp245,ssp585,27,496.425111127952,109.661262489244,606.086373617196,6023.62211894263,551.667718860195,98.98815116167,650.655870021865,6462.89849442669,27,0.877579253096721,1.10300985429727,1.39662740650004,27,0.890534928455043,1.05809473345264,1.2645211679676,55.2426077322431,1.11128084880058,-10.6731113275741,0.902672000255141,44.5694964046689,1.07353654255362,439.276375484055,1.07292561963717,0.819066609541521,0.847864046537622
,All locations,2022-2030,ckd,ssp245,ssp585,,7301.71892919819,41327.2139515591,48628.9328807573,749663.313809802,7383.46743602769,41284.3287828926,48667.7962189203,750384.971931583,,,,,,,,,81.7485068295046,1.01119578932333,-42.8851686665075,0.998962301966042,38.8633381630134,1.00079918138978,721.658121781307,1.00096264297384,0.150151740880325,0.151711563079926
,All locations,2022-2030,cvd_cmp,ssp245,ssp585,,918.506038422024,7774.57039704702,8693.07643546905,154518.629739379,981.230837319369,7804.96221540457,8786.19305272395,156276.627468284,,,,,,,,,62.7247988973453,1.06829002344405,30.3918183575506,1.00390913154109,93.1166172548983,1.01071158386172,1757.99772890512,1.01137725419822,0.10565949180826,0.111678724953029
,All locations,2022-2030,cvd_htn,ssp245,ssp585,,4803.43499109521,51590.4950178531,56393.9300089483,706354.975682092,4881.07365078656,51407.4669342491,56288.5405850356,705127.44548577,,,,,,,,,77.6386596913435,1.0161631540419,-183.028083604033,0.996452290610108,-105.389423912704,0.998131192064536,-1227.53019632201,0.99826216245573,0.0851764541030041,0.0867152283582957
,All locations,2022-2030,cvd_ihd,ssp245,ssp585,,66781.2144393233,262108.774149353,328889.988588676,4669452.35398081,67346.5797628051,262525.929971407,329872.509734212,4684419.73507389,,,,,,,,,565.365323481834,1.00846593354476,417.155822053523,1.00159153703804,982.521145535225,1.00298738538607,14967.3810930755,1.00320538254991,0.203050310913668,0.204159418488883
,All locations,2022-2030,cvd_stroke,ssp245,ssp585,,52355.1775859654,227450.561185735,279805.7387717,3781786.56909441,53416.2897514136,226033.575662119,279449.865413533,3777435.03800865,,,,,,,,,1061.11216544825,1.02026756883225,-1416.98552361559,0.993770138371044,-355.8733581673,0.998728141317867,-4351.53108575521,0.9988493451425,0.187112593958208,0.19114802461031
,All locations,2022-2030,diabetes,ssp245,ssp585,,23248.6934630442,27630.3527561043,50879.0462191485,785115.464242841,23380.2682184697,27683.4747249312,51063.742943401,787959.898494302,,,,,,,,,131.574755425554,1.00565944729904,53.1219688268939,1.00192259466594,184.696724252462,1.00363011373006,2844.43425146106,1.00362295022963,0.456940434042461,0.457864364631171
,All locations,2022-2030,inj_animal,ssp245,ssp585,,1718.97256502242,-2488.09719072369,-769.124625701275,-22320.3187562593,1739.71146104184,-2502.27506229658,-762.563601254738,-22167.5339292593,,,,,,,,,20.7388960194289,1.01206470448768,-14.177871572891,,6.56102444653754,,152.784826999981,,-2.2349727307913,-2.28139850653675
,All locations,2022-2030,inj_disaster,ssp245,ssp585,,2050.42456740718,-646.928457624375,1403.4961097828,61754.6522026818,2057.78505091599,-642.562313352541,1415.22273756345,62209.5309096393,,,,,,,,,7.36048350881401,1.00358973630428,4.36614427183429,,11.7266277806473,1.00835529767337,454.878706957432,1.00736590185084,1.4609406845627,1.45403617133712
,All locations,2022-2030,inj_drowning,ssp245,ssp585,,4898.35307790814,-15664.4782397009,-10766.1251617928,-381251.034167406,4965.79572654007,-15651.846258564,-10686.0505320239,-378551.52818081,,,,,,,,,67.4426486319344,1.01376843350393,12.6319811369194,,80.0746297688584,,2699.50598659611,,-0.454978277169915,-0.464698881187077
,All locations,2022-2030,inj_homicide,ssp245,ssp585,,5076.19024825054,-4776.33512357321,299.855124677326,288.295513757328,5095.12909620796,-4782.63189223213,312.497203975824,969.894644611455,,,,,,,,,18.9388479574181,1.0037309176826,-6.29676865891815,,12.6420792984986,1.0421606244419,681.599130854126,3.36423772944264,16.9288093832414,16.304558989277
,All locations,2022-2030,inj_mech,ssp245,ssp585,,1054.49926722593,-2578.26408256221,-1523.76481533628,-49211.1279031142,1060.19518042479,-2565.83165510783,-1505.63647468304,-48617.1680035124,,,,,,,,,5.69591319886149,1.00540153357702,12.4324274543765,,18.1283406532384,,593.959899601818,,-0.692035448392484,-0.704150834714589
,All locations,2022-2030,inj_othunintent,ssp245,ssp585,,691.591582558025,-1885.95824773268,-1194.36666517465,-39229.0524191973,700.25610579343,-1885.83270393722,-1185.57659814379,-38951.5487999288,,,,,,,,,8.66452323540443,1.01252838156786,0.125543795460317,,8.79006703086452,,277.503619268493,,-0.579044612281516,-0.590646025646755
,All locations,2022-2030,inj_suicide,ssp245,ssp585,,11086.0606104934,-19339.7215108274,-8253.66090033406,-204459.939924763,11123.2459276221,-19405.2454013576,-8281.9994737355,-206280.220789573,,,,,,,,,37.1853171287748,1.00335424082867,-65.5238905302103,,-28.3385734014391,,-1820.28086481037,,-1.34316889733678,-1.34306286336977
,All locations,2022-2030,inj_trans_other,ssp245,ssp585,,720.604815579652,-1573.43606450151,-852.831248921862,-28352.7721632378,723.217476788619,-1567.18709835989,-843.969621571268,-28067.2575518395,,,,,,,,,2.61266120896642,1.00362565049869,6.24896614162776,,8.86162735059429,,285.514611398328,,-0.844955923567096,-0.856923588602824
,All locations,2022-2030,inj_trans_road,ssp245,ssp585,,16360.9257739743,-15790.7701660322,570.155607942059,28040.3738952865,16354.375918358,-15746.8884619943,607.48745636365,29158.3562425702,,,,,,,,,-6.549855616282,0.999599664731277,43.8817040378763,,37.3318484215909,1.06547659604075,1117.98234728371,1.03987045078139,28.6955447707127,26.9213392754698
,All locations,2022-2030,lri,ssp245,ssp585,,29323.8079725803,46551.4796579694,75875.2876305497,1543918.05776232,29583.3977187447,46314.8899689876,75898.2876877323,1545488.88659005,,,,,,,,,259.589746164394,1.00885252510203,-236.589688981796,0.994917676286122,23.0000571825804,1.00030312975279,1570.82882772875,1.0010174301802,0.3864737635706,0.389776879294819
,All locations,2022-2030,resp_copd,ssp245,ssp585,,27732.6409980308,215752.702141209,243485.34313924,2836594.31808915,28034.2567660251,214763.705178163,242797.961944188,2829029.46608263,,,,,,,,,301.615767994292,1.0108758400621,-988.996963045618,0.995416062217388,-687.381195051217,0.997176909352371,-7564.8520065248,0.997333121638761,0.11389860531429,0.115463311724459
,All locations,2031-2040,ckd,ssp245,ssp585,,11844.7931267192,57458.7156560963,69303.5087828154,1021645.5433935,12709.3192511517,56920.0093581836,69629.3286093353,1027083.47644595,,,,,,,,,864.526124432548,1.07298786185487,-538.70629791273,0.99062446329053,325.819826519815,1.00470134676068,5437.9330524524,1.00532271988814,0.170911882165138,0.182528246429878
,All locations,2031-2040,cvd_cmp,ssp245,ssp585,,867.725305886397,9178.11688442911,10045.8421903155,167573.193672699,686.13884844157,9089.74867434151,9775.88752278308,162031.971878786,,,,,,,,,-181.586457444826,0.790732785810214,-88.3682100875994,0.990371858279827,-269.954667532424,0.973127721656561,-5541.22179391349,0.966932528571745,0.0863765615114789,0.0701868599492882
,All locations,2031-2040,cvd_htn,ssp245,ssp585,,8223.25397312097,73645.0539708121,81868.3079439331,1024257.07040243,9030.01374344271,72730.7098811904,81760.7236246331,1023500.76896037,,,,,,,,,806.759770321747,1.09810712072846,-914.344089621736,0.987584446743917,-107.584319299989,0.998685885637533,-756.301442054682,0.999261609742408,0.100444899615522,0.110444396075797
,All locations,2031-2040,cvd_ihd,ssp245,ssp585,,80601.6241196912,280204.736480128,360806.360599819,4984803.58193411,86082.0059376785,279158.937486782,365240.943424461,5050482.51137766,,,,,,,,,5480.38181798726,1.06799344154466,-1045.79899334547,0.996267732635492,4434.58282464172,1.01229075567645,65678.9294435475,1.01317583097588,0.223393024407042,0.23568553166735
,All locations,2031-2040,cvd_stroke,ssp245,ssp585,,66081.3869062728,246714.891559816,312796.278466089,4139821.77661902,71575.9123484641,241985.195081516,313561.10742998,4152843.10203114,,,,,,,,,5494.52544219128,1.08314785296478,-4729.69647830029,0.980829302810229,764.828963891079,1.00244513447424,13021.3254121235,1.00314538309008,0.211260144239334,0.228267826118861
,All locations,2031-2040,diabetes,ssp245,ssp585,,31345.7270930468,31581.5214424339,62927.2485354807,934971.36338381,33161.9173481648,31174.9498260917,64336.8671742564,955908.459170448,,,,,,,,,1816.19025511801,1.05794060063519,-406.571616342259,0.987126281516128,1409.61863877574,1.02240076710141,20937.0957866376,1.02239330166313,0.498126452730138,0.515441904535788
,All locations,2031-2040,inj_animal,ssp245,ssp585,,1908.38542759606,-2712.48775541973,-804.102327823664,-21019.4622279833,1788.04245169136,-2559.4179248484,-771.375473157039,-20096.6469195208,,,,,,,,,-120.342975904702,0.936939899998977,153.069830571327,,32.7268546666252,,922.815308462428,,-2.37331165644202,-2.31799235769497
,All locations,2031-2040,inj_disaster,ssp245,ssp585,,1841.01741255424,-586.871353521225,1254.14605903302,54061.23938112,1812.59602806279,-556.540503925049,1256.05552413774,54052.8759485039,,,,,,,,,-28.4213844914543,0.984562131624805,30.330849596176,,1.90946510472122,1.00152252211054,-8.36343261609,0.99984529706104,1.46794498080528,1.44308590920541
,All locations,2031-2040,inj_drowning,ssp245,ssp585,,4570.20574477185,-14420.5225333315,-9850.31678855962,-294950.43199379,4623.61172541008,-14206.178319586,-9582.56659417593,-286458.280646514,,,,,,,,,53.4059806382302,1.01168568410718,214.344213745462,,267.750194383694,,8492.15134727623,,-0.463965356939565,-0.482502436061359
,All locations,2031-2040,inj_homicide,ssp245,ssp585,,5680.69223828179,-4549.60444920654,1131.08778907525,30565.1849633188,5984.93092617108,-4508.20185678901,1476.72906938206,44335.8390359098,,,,,,,,,304.23868788929,1.05355662217345,41.4025924175285,,345.641280306817,1.30558307113315,13770.654072591,1.45053396827525,5.02232655426879,4.05282935797795
,All locations,2031-2040,inj_mech,ssp245,ssp585,,1174.68295274773,-2415.11755935824,-1240.43460661051,-38350.1068201958,1246.06350780889,-2370.29326899372,-1124.22976118483,-34652.7713788708,,,,,,,,,71.3805550611644,1.06076580484479,44.8242903645182,,116.204845425682,,3697.33544132498,,-0.94699305105454,-1.10837086050423
,All locations,2031-2040,inj_othunintent,ssp245,ssp585,,574.204768978803,-1516.16344883412,-941.958679855322,-29018.8511380992,557.94964733884,-1471.89064115113,-913.940993812294,-28136.1861478095,,,,,,,,,-16.2551216399627,0.971691071690555,44.2728076829908,,28.0176860430279,,882.664990289752,,-0.609585941781434,-0.610487603812891
,All locations,2031-2040,inj_suicide,ssp245,ssp585,,12353.2692188252,-20443.7477602682,-8090.47854144295,-179817.119986854,12828.8016635667,-20241.5726422715,-7412.77097870478,-157326.309990029,,,,,,,,,475.532444741464,1.03849446137034,202.1751179967,,677.707562738163,,22490.8099968244,,-1.52688980701777,-1.73063510263853
,All locations,2031-2040,inj_trans_other,ssp245,ssp585,,837.053093205664,-1594.24212935544,-757.189036149774,-24895.7857610411,871.897867010006,-1558.80299293064,-686.905125920631,-22628.4632116104,,,,,,,,,34.8447738043418,1.04162791355432,35.4391364248011,,70.283910229143,,2267.32254943066,,-1.10547439706997,-1.26931337983748
,All locations,2031-2040,inj_trans_road,ssp245,ssp585,,18951.0738196432,-15694.5661230064,3256.50769663685,110901.432677256,20187.2899468859,-15439.8841396702,4747.40580721573,159818.214126267,,,,,,,,,1236.21612724265,1.06523198310595,254.681983336232,,1490.89811057888,1.45782115366059,48916.7814490114,1.44108340413752,5.81944696129996,4.25227814234937
,All locations,2031-2040,lri,ssp245,ssp585,,33110.722442645,56412.2778714917,89523.0003141367,1472110.55894289,34028.0046681239,54722.2228237604,88750.2274918844,1459826.43181531,,,,,,,,,917.282225478943,1.02770347965279,-1690.05504773125,0.970041006825124,-772.7728222523,0.991367885129624,-12284.127127571,0.991655431684158,0.369857157674109,0.383413154306963
,All locations,2031-2040,resp_copd,ssp245,ssp585,,40851.7446400738,277270.40565007,318122.150290143,3730532.42310859,44525.6347098556,272386.076587652,316911.711297507,3718539.05268964,,,,,,,,,3673.89006978177,1.08993226855183,-4884.32906241796,0.982384239490087,-1210.43899263628,0.996195049632563,-11993.3704189439,0.996785078091092,0.128415278856926,0.140498546196219
,All locations,2041-2050,ckd,ssp245,ssp585,,19681.3690511722,76877.5457763293,96558.9148275015,1369669.13031652,22319.3970307317,75205.7126804849,97525.1097112165,1384927.69156089,,,,,,,,,2638.0279795595,1.13403681282032,-1671.83309584446,0.978253297774248,966.194883715027,1.01000627322129,15258.5612443669,1.01114032645303,0.203827570828982,0.228857953575464
,All locations,2041-2050,cvd_cmp,ssp245,ssp585,,52.580419566727,10485.2041972509,10537.7846168176,163911.147891932,-559.782673507707,10216.1415340243,9656.35886051657,147040.973221286,,,,,,,,,-612.363093074433,,-269.06266322663,0.974338824674757,-881.425756301065,0.916355686859042,-16870.174670646,0.897077319708794,0.00498970338441079,-0.0579703676710458
,All locations,2041-2050,cvd_htn,ssp245,ssp585,,14600.3716563468,101147.243885685,115747.615542032,1445164.31296103,17019.9289362633,98532.5617902448,115552.490726508,1444328.51352028,,,,,,,,,2419.55727991648,1.16571888283848,-2614.68209543999,0.974149744521017,-195.124815523493,0.998314221726212,-835.799440755975,0.999421657846613,0.126139718628113,0.147291753118039
,All locations,2041-2050,cvd_ihd,ssp245,ssp585,,96988.9926320547,281463.100713613,378452.093345667,5093576.86850231,109850.885820753,277140.42564433,386991.311465083,5216352.25397608,,,,,,,,,12861.8931886981,1.13261188553109,-4322.67506928265,0.984642125172632,8539.21811941551,1.02256353781512,122775.38547377,1.02410396243021,0.256278124331757,0.28385879105367
,All locations,2041-2050,cvd_stroke,ssp245,ssp585,,83417.0906211164,255482.640675587,338899.731296703,4397337.13995206,95979.9222022022,245922.297386327,341902.219588529,4443020.32175728,,,,,,,,,12562.8315810859,1.15060261017909,-9560.34328925988,0.96257928419724,3002.48829182598,1.00885951806553,45683.1818052195,1.01038882859132,0.246140916966634,0.280723308312276
,All locations,2041-2050,diabetes,ssp245,ssp585,,43715.7454273925,34087.4659737514,77803.2114011439,1106630.67076371,48795.4871097146,32923.9712475473,81719.4583572618,1162184.42733927,,,,,,,,,5079.7416823221,1.11619936095472,-1163.49472620415,0.965867374034196,3916.24695611795,1.05033528675219,55553.7565755637,1.05020081048108,0.561875848568762,0.597109771535563
,All locations,2041-2050,inj_animal,ssp245,ssp585,,1914.2632095401,-2668.00037148195,-753.737161941854,-17207.1781741812,1617.00235845645,-2261.64562195302,-644.643263496578,-14177.6983250404,,,,,,,,,-297.260851083651,0.8447126551865,406.354749528928,,109.093898445276,,3029.47984914079,,-2.53969593937545,-2.50836772835528
,All locations,2041-2050,inj_disaster,ssp245,ssp585,,1662.41435341903,-510.700522955848,1151.71383046318,47055.8162988933,1604.46013818227,-442.339783318499,1162.12035486378,47262.1195760369,,,,,,,,,-57.954215236759,0.965138525712578,68.3607396373494,,10.4065244005908,1.00903568588423,206.303277143685,1.00438422480726,1.44342657824163,1.38063164582497
,All locations,2041-2050,inj_drowning,ssp245,ssp585,,4296.07494674258,-13423.1013298038,-9127.02638306117,-233358.311323879,4380.2377443169,-12957.9843413723,-8577.74659705541,-217578.612309697,,,,,,,,,84.1627975743104,1.01959062600575,465.11698843146,,549.279786005765,,15779.6990141824,,-0.470698206232389,-0.51065133421178
,All locations,2041-2050,inj_homicide,ssp245,ssp585,,6450.94690790865,-4124.85622856819,2326.09067934047,71991.2257901529,7207.29006877547,-3982.0950447709,3225.19502400457,106399.550211809,,,,,,,,,756.34316086682,1.11724529308086,142.76118379729,,899.104344664107,1.38653022113439,34408.3244216564,1.47795163985613,2.77329983959943,2.23468348894651
,All locations,2041-2050,inj_mech,ssp245,ssp585,,1392.87721729058,-2238.91003337279,-846.032816082208,-24651.739766851,1558.97206342314,-2149.63814795004,-590.666084526893,-16932.6350240398,,,,,,,,,166.094846132561,1.11924586321804,89.2718854227546,,255.366731555316,,7719.10474281116,,-1.64636310886933,-2.63934582374378
,All locations,2041-2050,inj_othunintent,ssp245,ssp585,,428.951049422437,-1159.77909387104,-730.828044448605,-20560.9888086349,395.772022840099,-1074.42670197393,-678.654679133828,-18976.2912167699,,,,,,,,,-33.1790265823379,0.922650785848381,85.3523918971155,,52.1733653147772,,1584.69759186494,,-0.586938408673236,-0.583171434617125
,All locations,2041-2050,inj_suicide,ssp245,ssp585,,13906.4423686997,-20599.5009312952,-6693.05856259553,-116782.768600073,15060.6715544697,-20007.4731251545,-4946.80157068479,-61011.834086085,,,,,,,,,1154.22918577001,1.08299960228275,592.027806140741,,1746.25699191074,,55770.9345139881,,-2.07774102656393,-3.04452712308508
,All locations,2041-2050,inj_trans_other,ssp245,ssp585,,996.880885789932,-1551.12968156972,-554.248795779784,-18246.968394121,1082.62974176089,-1471.77052595424,-389.140784193358,-13154.228108328,,,,,,,,,85.7488559709534,1.08601715329611,79.3591556154731,,165.108011586426,,5092.74028579303,,-1.79861624126292,-2.78210299649019
,All locations,2041-2050,inj_trans_road,ssp245,ssp585,,23302.0727579196,-15279.3191068354,8022.75365108424,249381.474773102,26431.5094311093,-14681.140512509,11750.3689186003,367194.547309744,,,,,,,,,3129.43667318967,1.13429863968329,598.178594326371,,3727.61526751604,1.46463040367845,117813.072536642,1.47242110763774,2.90449810268952,2.24941953858738
,All locations,2041-2050,lri,ssp245,ssp585,,41568.637749239,68325.5244610495,109894.162210288,1559885.53908694,44382.956276916,64512.3227174836,108895.2789944,1547954.80587357,,,,,,,,,2814.31852767705,1.06770292894019,-3813.20174356584,0.944190669978104,-998.883215888782,0.990910497920924,-11930.7332133683,0.99235153290776,0.378260654735191,0.407574659680137
,All locations,2041-2050,resp_copd,ssp245,ssp585,,64298.4785219135,351560.746135007,415859.224656921,4889290.82316531,73855.1416563847,339061.188514725,412916.33017111,4859263.08148933,,,,,,,,,9556.66313447123,1.14862969317718,-12499.5576202824,0.964445525395824,-2942.89448581112,0.992923339651203,-30027.7416759823,0.993858466848871,0.154615972688736,0.178862244624182
